Unnamed: 0,type,instruction,input,ref
0,Conversation-10.json,Translate this casual conversation from Chinese to Thai:,"A: 你吃饭了吗？
B: 吃过了，你呢？","ก: กินข้าวหรือยัง?
ข: กินแล้ว แล้วเธอล่ะ?"
1,Conversation-10.json,Translate this casual conversation from Chinese to Thai:,"A: 今天天气很好，我们去散步吧。
B: 好的，我正好也想出去走走。","ก: วันนี้อากาศดี ไปเดินเล่นกันเถอะ
ข: ได้เลย ฉันก็อยากออกไปเดินอยู่พอดี"
2,Conversation-10.json,Translate this casual conversation from Chinese to Thai:,"A: 你周末有什么计划？
B: 想在家休息，你呢？","ก: เสาร์อาทิตย์นี้มีแผนอะไรไหม?
ข: อยากพักผ่อนอยู่บ้าน แล้วเธอล่ะ?"
3,Conversation-10.json,Translate this casual conversation from Chinese to Thai:,"A: 你喜欢看电影吗？
B: 喜欢，尤其是科幻片。","ก: คุณชอบดูหนังไหม?
ข: ชอบ โดยเฉพาะหนังไซไฟ"
4,Conversation-10.json,Translate this casual conversation from Chinese to Thai:,"A: 你最近怎么样？
B: 还不错，就是工作有点忙。","ก: ช่วงนี้เป็นยังไงบ้าง?
ข: ก็โอเคนะ แค่ช่วงนี้งานยุ่งหน่อย"
5,Conversation-10.json,Translate this casual conversation from Chinese to Thai:,"A: 你喜欢什么运动？
B: 我喜欢打篮球，你呢？","ก: คุณชอบกีฬาอะไร?
ข: ฉันชอบเล่นบาสเกตบอล แล้วเธอล่ะ?"
6,Conversation-10.json,Translate this casual conversation from Chinese to Thai:,"A: 你会说英语吗？
B: 会一点，但不太流利。","ก: คุณพูดภาษาอังกฤษได้ไหม?
ข: พูดได้นิดหน่อย แต่ไม่ค่อยคล่อง"
7,Conversation-10.json,Translate this casual conversation from Chinese to Thai:,"A: 你喜欢旅行吗？
B: 喜欢，尤其是去海边。","ก: คุณชอบท่องเที่ยวไหม?
ข: ชอบ โดยเฉพาะไปทะเล"
8,Conversation-10.json,Translate this casual conversation from Chinese to Thai:,"A: 你喜欢听什么音乐？
B: 我喜欢流行音乐，你呢？","ก: คุณชอบฟังเพลงแนวไหน?
ข: ฉันชอบเพลงป็อป แล้วเธอล่ะ?"
9,Conversation-10.json,Translate this casual conversation from Chinese to Thai:,"A: 你喜欢喝茶还是咖啡？
B: 我喜欢喝茶，尤其是绿茶。","ก: คุณชอบดื่มชาหรือกาแฟ?
ข: ฉันชอบดื่มชา โดยเฉพาะชาเขียว"
10,Sentence-20.json,Translate this sentence from Chinese to Thai:,我喜欢学习新语言。,ฉันชอบเรียนรู้ภาษาใหม่ๆ
11,Sentence-20.json,Translate this sentence from Chinese to Thai:,今天天气很好，我们去公园吧。,วันนี้อากาศดี เราไปสวนสาธารณะกันเถอะ
12,Sentence-20.json,Translate this sentence from Chinese to Thai:,请问最近的地铁站在哪里？,ขอโทษครับ สถานีรถไฟใต้ดินที่ใกล้ที่สุดอยู่ที่ไหน?
13,Sentence-20.json,Translate this sentence from Chinese to Thai:,我正在学习如何做泰国菜。,ฉันกำลังเรียนรู้วิธีทำอาหารไทย
14,Sentence-20.json,Translate this sentence from Chinese to Thai:,你喜欢听什么类型的音乐？,คุณชอบฟังเพลงประเภทไหน?
15,Sentence-20.json,Translate this sentence from Chinese to Thai:,这个周末我们打算去海边度假。,สุดสัปดาห์นี้เราวางแผนจะไปพักผ่อนที่ชายทะเล
16,Sentence-20.json,Translate this sentence from Chinese to Thai:,我每天早上都会跑步锻炼身体。,ฉันวิ่งออกกำลังกายทุกเช้า
17,Sentence-20.json,Translate this sentence from Chinese to Thai:,请帮我推荐一些好看的电影。,ช่วยแนะนำหนังดีๆ ให้ฉันหน่อย
18,Sentence-20.json,Translate this sentence from Chinese to Thai:,我想报名参加一个泰语学习班。,ฉันอยากสมัครเรียนคอร์สภาษาไทย
19,Sentence-20.json,Translate this sentence from Chinese to Thai:,你觉得这本书怎么样？,คุณคิดว่า หนังสือเล่มนี้เป็นอย่างไร?
20,Sentence-20.json,Translate this sentence from Thai to Chinese:,คุณคิดว่า หนังสือเล่มนี้เป็นอย่างไร?,你觉得这本书怎么样？
21,Sentence-20.json,Translate this sentence from Thai to Chinese:,ฉันอยากสมัครเรียนคอร์สภาษาไทย,我想报名参加一个泰语学习班。
22,Sentence-20.json,Translate this sentence from Thai to Chinese:,ช่วยแนะนำหนังดีๆ ให้ฉันหน่อย,请帮我推荐一些好看的电影。
23,Sentence-20.json,Translate this sentence from Thai to Chinese:,ฉันวิ่งออกกำลังกายทุกเช้า,我每天早上都会跑步锻炼身体。
24,Sentence-20.json,Translate this sentence from Thai to Chinese:,สุดสัปดาห์นี้เราวางแผนจะไปพักผ่อนที่ชายทะเล,这个周末我们打算去海边度假。
25,Sentence-20.json,Translate this sentence from Thai to Chinese:,คุณชอบฟังเพลงประเภทไหน?,你喜欢听什么类型的音乐？
26,Sentence-20.json,Translate this sentence from Thai to Chinese:,ฉันกำลังเรียนรู้วิธีทำอาหารไทย,我正在学习如何做泰国菜。
27,Sentence-20.json,Translate this sentence from Thai to Chinese:,ขอโทษครับ สถานีรถไฟใต้ดินที่ใกล้ที่สุดอยู่ที่ไหน?,请问最近的地铁站在哪里？
28,Sentence-20.json,Translate this sentence from Thai to Chinese:,วันนี้อากาศดี เราไปสวนสาธารณะกันเถอะ,今天天气很好，我们去公园吧。
29,Sentence-20.json,Translate this sentence from Thai to Chinese:,ฉันชอบเรียนรู้ภาษาใหม่ๆ,我喜欢学习新语言。
30,UI-10.json,Translate these app UI strings from Chinese to Thai in .json format; keep placeholders unchanged:,"{""login"": ""登录"", ""logout"": ""退出"", ""welcome"": ""欢迎 {username}""}","{""login"": ""เข้าสู่ระบบ"", ""logout"": ""ออกจากระบบ"", ""welcome"": ""ยินดีต้อนรับ {username}""}"
31,UI-10.json,Translate these app UI strings from Chinese to Thai in .json format; keep placeholders unchanged:,"{""submit"": ""提交"", ""cancel"": ""取消"", ""retry"": ""重试""}","{""submit"": ""ยืนยัน"", ""cancel"": ""ยกเลิก"", ""retry"": ""ลองใหม่""}"
32,UI-10.json,Translate these app UI strings from Chinese to Thai in .json format; keep placeholders unchanged:,"{""settings"": ""设置"", ""language"": ""语言"", ""notifications"": ""通知""}","{""settings"": ""การตั้งค่า"", ""language"": ""ภาษา"", ""notifications"": ""การแจ้งเตือน""}"
33,UI-10.json,Translate these app UI strings from Chinese to Thai in .json format; keep placeholders unchanged:,"{""profile"": ""个人资料"", ""edit"": ""编辑"", ""save"": ""保存""}","{""profile"": ""โปรไฟล์ส่วนตัว"", ""edit"": ""แก้ไข"", ""save"": ""บันทึก""}"
34,UI-10.json,Translate these app UI strings from Chinese to Thai in .json format; keep placeholders unchanged:,"{""search"": ""搜索"", ""filter"": ""筛选"", ""sort"": ""排序""}","{""search"": ""ค้นหา"", ""filter"": ""กรอง"", ""sort"": ""จัดเรียง""}"
35,UI-10.json,Translate these app UI strings from Chinese to Thai in .json format; keep placeholders unchanged:,"{""home"": ""首页"", ""back"": ""返回"", ""next"": ""下一步""}","{""home"": ""หน้าแรก"", ""back"": ""ย้อนกลับ"", ""next"": ""ถัดไป""}"
36,UI-10.json,Translate these app UI strings from Chinese to Thai in .json format; keep placeholders unchanged:,"{""error"": ""错误"", ""success"": ""成功"", ""loading"": ""加载中...""}","{""error"": ""ข้อผิดพลาด"", ""success"": ""สำเร็จ"", ""loading"": ""กำลังโหลด...""}"
37,UI-10.json,Translate these app UI strings from Chinese to Thai in .json format; keep placeholders unchanged:,"{""username"": ""用户名"", ""password"": ""密码"", ""email"": ""电子邮件""}","{""username"": ""ชื่อผู้ใช้"", ""password"": ""รหัสผ่าน"", ""email"": ""อีเมล""}"
38,UI-10.json,Translate these app UI strings from Chinese to Thai in .json format; keep placeholders unchanged:,"{""cart"": ""购物车"", ""checkout"": ""结账"", ""total"": ""总计: {amount}""}","{""cart"": ""รถเข็น"", ""checkout"": ""ชำระเงิน"", ""total"": ""รวม: {amount}""}"
39,UI-10.json,Translate these app UI strings from Chinese to Thai in .json format; keep placeholders unchanged:,"{""help"": ""帮助"", ""contact"": ""联系我们"", ""faq"": ""常见问题""}","{""help"": ""ช่วยเหลือ"", ""contact"": ""ติดต่อเรา"", ""faq"": ""คำถามที่พบบ่อย""}"
40,domain-20.json,Translate this technology phrase from Chinese to Thai:,人工智能,ปัญญาประดิษฐ์
41,domain-20.json,Translate this technology phrase from Chinese to Thai:,区块链,บล็อกเชน
42,domain-20.json,Translate this technology phrase from Chinese to Thai:,大数据,ข้อมูลขนาดใหญ่
43,domain-20.json,Translate this technology phrase from Chinese to Thai:,云计算,การประมวลผลแบบคลาวด์
44,domain-20.json,Translate this technology phrase from Chinese to Thai:,物联网,อินเทอร์เน็ตของสรรพสิ่ง
45,domain-20.json,Translate this technology phrase from Chinese to Thai:,机器学习,การเรียนรู้ของเครื่อง
46,domain-20.json,Translate this technology phrase from Chinese to Thai:,深度学习,การเรียนรู้เชิงลึก
47,domain-20.json,Translate this technology phrase from Chinese to Thai:,自然语言处理,การประมวลผลภาษาธรรมชาติ
48,domain-20.json,Translate this technology phrase from Chinese to Thai:,计算机视觉,การมองเห็นด้วยคอมพิวเตอร์
49,domain-20.json,Translate this technology phrase from Chinese to Thai:,虚拟现实,ความเป็นจริงเสมือน
50,domain-20.json,Translate this technology phrase from Thai to Chinese:,ปัญญาประดิษฐ์,人工智能
51,domain-20.json,Translate this technology phrase from Thai to Chinese:,บล็อกเชน,区块链
52,domain-20.json,Translate this technology phrase from Thai to Chinese:,ข้อมูลขนาดใหญ่,大数据
53,domain-20.json,Translate this technology phrase from Thai to Chinese:,การประมวลผลแบบคลาวด์,云计算
54,domain-20.json,Translate this technology phrase from Thai to Chinese:,อินเทอร์เน็ตของสรรพสิ่ง,物联网
55,domain-20.json,Translate this technology phrase from Thai to Chinese:,การเรียนรู้ของเครื่อง,机器学习
56,domain-20.json,Translate this technology phrase from Thai to Chinese:,การเรียนรู้เชิงลึก,深度学习
57,domain-20.json,Translate this technology phrase from Thai to Chinese:,การประมวลผลภาษาธรรมชาติ,自然语言处理
58,domain-20.json,Translate this technology phrase from Thai to Chinese:,การมองเห็นด้วยคอมพิวเตอร์,计算机视觉
59,domain-20.json,Translate this technology phrase from Thai to Chinese:,ความเป็นจริงเสมือน,虚拟现实
60,domain-20_2.json,Translate this social media phrase to Thai:,Like and Share,กดถูกใจและแชร์
61,domain-20_2.json,Translate this social media phrase to Thai:,Follow me,ติดตามฉัน
62,domain-20_2.json,Translate this social media phrase to Thai:,Trending Now,กำลังมาแรงตอนนี้
63,domain-20_2.json,Translate this social media phrase to Thai:,Tag your friends,แท็กเพื่อนของคุณ
64,domain-20_2.json,Translate this social media phrase to Thai:,New Post,โพสต์ใหม่
65,domain-20_2.json,Translate this social media phrase from Chinese to Thai:,点赞并分享,กดถูกใจและแชร์
66,domain-20_2.json,Translate this social media phrase from Chinese to Thai:,关注我,ติดตามฉัน
67,domain-20_2.json,Translate this social media phrase from Chinese to Thai:,正在流行,กำลังมาแรงตอนนี้
68,domain-20_2.json,Translate this social media phrase from Chinese to Thai:,标记你的朋友,แท็กเพื่อนของคุณ
69,domain-20_2.json,Translate this social media phrase from Chinese to Thai:,新帖子,โพสต์ใหม่
70,domain-20_2.json,Translate this social media phrase from Chinese to Thai:,5G网络,เครือข่าย 5G
71,domain-20_2.json,Translate this social media phrase from Chinese to Thai:,智能手机,สมาร์ทโฟน
72,domain-20_2.json,Translate this technology phrase from Chinese to Thai:,可穿戴设备,อุปกรณ์สวมใส่ได้
73,domain-20_2.json,Translate this technology phrase from Chinese to Thai:,增强现实,ความเป็นจริงเสริม
74,domain-20_2.json,Translate this technology phrase from Chinese to Thai:,无人驾驶,การขับขี่อัตโนมัติ
75,domain-20_2.json,Translate this technology phrase from Chinese to Thai:,边缘计算,การประมวลผลที่ขอบเครือข่าย
76,domain-20_2.json,Translate this technology phrase from Chinese to Thai:,量子计算,การประมวลผลควอนตัม
77,domain-20_2.json,Translate this technology phrase from Chinese to Thai:,机器人技术,เทคโนโลยีหุ่นยนต์
78,domain-20_2.json,Translate this technology phrase from Chinese to Thai:,智能家居,บ้านอัจฉริยะ
79,domain-20_2.json,Translate this technology phrase from Chinese to Thai:,数字货币,สกุลเงินดิจิทัล
80,domain-20_2.json,Translate this technology phrase from Chinese to Thai:,网络安全,ความปลอดภัยทางไซเบอร์
81,idiom_20.json,Translate this Thai idiom to Chinese:,น้ำขึ้นให้รีบตัก,趁热打铁
82,idiom_20.json,Translate this Thai idiom to Chinese:,จับปลาสองมือ,一心二用
83,idiom_20.json,Translate this Thai idiom to Chinese:,เข้าเมืองตาหลิ่ว ต้องหลิ่วตาตาม,入乡随俗
84,idiom_20.json,Translate this Thai idiom to Chinese:,น้ำลดตอผุด,真相大白
85,idiom_20.json,Translate this Thai idiom to Chinese:,ช้าๆ ได้พร้าเล่มงาม,欲速则不达
86,idiom_20.json,Translate this Thai idiom to Chinese:,ตีงูให้หลังหัก,一击即中
87,idiom_20.json,Translate this Thai idiom to Chinese:,ตำน้ำพริกละลายแม่น้ำ,徒劳无功
88,idiom_20.json,Translate this Thai idiom to Chinese:,น้ำท่วมปาก,守口如瓶
89,idiom_20.json,Translate this Thai idiom to Chinese:,จับแพะชนแกะ,强行凑合
90,idiom_20.json,Translate this Thai idiom to Chinese:,วัวหายล้อมคอก,亡羊补牢
91,idiom_20.json,Translate this Thai idiom to Chinese:,ปิดทองหลังพระ,默默无闻地做好事
92,idiom_20.json,Translate this Thai idiom to Chinese:,น้ำพึ่งเรือ เสือพึ่งป่า,相互依赖
93,idiom_20.json,Translate this Thai idiom to Chinese:,ตาไม่ถึง,目光短浅
94,idiom_20.json,Translate this Thai idiom to Chinese:,จับปลาหลายมือ,贪多嚼不烂
95,idiom_20.json,Translate this Thai idiom to Chinese:,ขี่ช้างจับตั๊กแตน,大材小用
96,idiom_20.json,Translate this Thai idiom to Chinese:,หมูในอวย,唾手可得的东西
97,idiom_20.json,Translate this Thai idiom to Chinese:,ตีงูให้หลังหัก,一击即中
98,idiom_20.json,Translate this Thai idiom to Chinese:,ขวานผ่าซาก,直截了当
99,idiom_20.json,Translate this Thai idiom to Chinese:,กวนน้ำให้ขุ่น,搅浑水
100,idiom_20.json,Translate this Thai idiom to Chinese:,ขี่ช้างจับตั๊กแตน,杀鸡用牛刀
101,idiom_20zhth.json,Translate this Chinese idiom to Thai:,画蛇添足,วาดงูแล้วเติมขา
102,idiom_20zhth.json,Translate this Chinese idiom to Thai:,入乡随俗,เข้าเมืองตาหลิ่ว ต้องหลิ่วตาตาม
103,idiom_20zhth.json,Translate this Chinese idiom to Thai:,一心二用,จับปลาสองมือ
104,idiom_20zhth.json,Translate this Chinese idiom to Thai:,守口如瓶,น้ำท่วมปาก
105,idiom_20zhth.json,Translate this Chinese idiom to Thai:,亡羊补牢,วัวหายล้อมคอก
106,idiom_20zhth.json,Translate this Chinese idiom to Thai:,真相大白,น้ำลดตอผุด
107,idiom_20zhth.json,Translate this Chinese idiom to Thai:,欲速则不达,ช้าๆ ได้พร้าเล่มงาม
108,idiom_20zhth.json,Translate this Chinese idiom to Thai:,趁热打铁,น้ำขึ้นให้รีบตัก
109,idiom_20zhth.json,Translate this Chinese idiom to Thai:,徒劳无功,ตำน้ำพริกละลายแม่น้ำ
110,idiom_20zhth.json,Translate this Chinese idiom to Thai:,一击即中,ตีงูให้หลังหัก
111,idiom_20zhth.json,Translate this Chinese idiom to Thai:,强行凑合,จับแพะชนแกะ
112,idiom_20zhth.json,Translate this Chinese idiom to Thai:,画龙点睛,เติมน้ำตาลบนปลายขนมจีน
113,idiom_20zhth.json,Translate this Chinese idiom to Thai:,刻舟求剑,ทำเครื่องหมายบนเรือเพื่อหาดาบ
114,idiom_20zhth.json,Translate this Chinese idiom to Thai:,守株待兔,เฝ้าต้นไม้รอรับกระต่าย
115,idiom_20zhth.json,Translate this Chinese idiom to Thai:,盲人摸象,คนตาบอดจับช้าง
116,idiom_20zhth.json,Translate this Chinese idiom to Thai:,自相矛盾,ขัดแย้งกับตัวเอง
117,idiom_20zhth.json,Translate this Chinese idiom to Thai:,杯弓蛇影,ตกใจเพราะเห็นเงา
118,idiom_20zhth.json,Translate this Chinese idiom to Thai:,纸上谈兵,พูดคุยเกี่ยวกับการทำสงครามบนกระดาษ
119,idiom_20zhth.json,Translate this Chinese idiom to Thai:,刻骨铭心,จารึกในกระดูกและใจ
120,idiom_20zhth.json,Translate this Chinese idiom to Thai:,风马牛不相及,ม้าลมและวัวไม่เกี่ยวข้องกัน
121,idiom_20zhth.json,Translate this Chinese idiom to Thai:,鹤立鸡群,นกกระเรียนยืนอยู่ในฝูงไก่
122,idiom_20zhth.json,Translate this Chinese idiom to Thai:,井底之蛙,กบในบ่อน้ำ
123,partial_01.json,Translate the following Chinese phrase into Thai while keeping names of people unchanged (answer in json format):,"{""sentence"": ""小明和小红去市场。""}","{""sentence"": ""小明 และ 小红 ไปตลาด.""}"
124,partial_01.json,Translate the following Chinese phrase into Thai while keeping names of people unchanged (answer in json format):,"{""sentence"": ""李雷向韩梅梅打招呼。""}","{""sentence"": ""李雷 ทักทาย 韩梅梅.""}"
125,partial_01.json,Translate the following Chinese phrase into Thai while keeping names of people unchanged (answer in json format):,"{""sentence"": ""王强和赵丽计划旅行。""}","{""sentence"": ""王强 และ 赵丽 กำลังวางแผนเดินทาง.""}"
126,partial_01.json,Translate the following Chinese phrase into Thai while keeping names of people unchanged (answer in json format):,"{""sentence"": ""陈刚和刘芳在公园散步。""}","{""sentence"": ""陈刚 และ 刘芳 เดินเล่นในสวนสาธารณะ.""}"
127,partial_01.json,Translate the following Chinese phrase into Thai while keeping names of people unchanged (answer in json format):,"{""sentence"": ""张伟和李娜一起学习中文。""}","{""sentence"": ""张伟 และ 李娜 เรียนภาษาจีนด้วยกัน.""}"
128,partial_01.json,Translate the following Chinese phrase into Thai while keeping names of city unchanged (answer in json format):,"{""sentence"": ""我下个月要去北京出差。""}","{""sentence"": ""ฉันเดือนหน้าจะไป 北京 ทำงาน.""}"
129,partial_01.json,Translate the following Chinese phrase into Thai while keeping names of city unchanged (answer in json format):,"{""sentence"": ""上海是一个很大的城市。""}","{""sentence"": ""上海 เป็นเมืองที่ใหญ่.""}"
130,partial_01.json,Translate the following Chinese phrase into Thai while keeping names of city unchanged (answer in json format):,"{""sentence"": ""他们计划从广州去深圳旅行。""}","{""sentence"": ""พวกเขาวางแผนเดินทางจาก 广州 ไป 深圳.""}"
131,partial_01.json,Translate the following Chinese phrase into Thai while keeping names of city unchanged (answer in json format):,"{""sentence"": ""我喜欢在成都吃火锅。""}","{""sentence"": ""ฉันชอบกินหม้อไฟที่ 成都.""}"
132,partial_01.json,Translate the following Chinese phrase into Thai while keeping names of city unchanged (answer in json format):,"{""sentence"": ""杭州的西湖非常美丽。""}","{""sentence"": ""ทะเลสาบ 西湖 ใน 杭州 สวยงามมาก.""}"
133,partial_01.json,Translate the following Chinese phrase into Thai while keeping names of company unchanged (answer in json format):,"{""sentence"": ""我在微软公司工作。""}","{""sentence"": ""ฉันทำงานที่ บริษัท 微软.""}"
134,partial_01.json,Translate the following Chinese phrase into Thai while keeping names of company unchanged (answer in json format):,"{""sentence"": ""苹果公司发布了新款手机。""}","{""sentence"": ""บริษัท 苹果 เปิดตัวโทรศัพท์มือถือรุ่นใหม่.""}"
135,partial_01.json,Translate the following Chinese phrase into Thai while keeping names of company unchanged (answer in json format):,"{""sentence"": ""谷歌是全球最大的搜索引擎公司。""}","{""sentence"": ""谷歌 เป็นบริษัทเครื่องมือค้นหาที่ใหญ่ที่สุดในโลก.""}"
136,partial_01.json,Translate the following Chinese phrase into Thai while keeping names of company unchanged (answer in json format):,"{""sentence"": ""我正在申请亚马逊的职位。""}","{""sentence"": ""ฉันกำลังสมัครงานที่ 亚马逊.""}"
137,partial_01.json,Translate the following Chinese phrase into Thai while keeping names of company unchanged (answer in json format):,"{""sentence"": ""特斯拉的电动汽车很受欢迎。""}","{""sentence"": ""รถยนต์ไฟฟ้าของ 特斯拉 เป็นที่นิยมมาก.""}"
138,partial_01.json,Translate the following Chinese phrase into Thai while keeping names of book unchanged (answer in json format):,"{""sentence"": ""我正在读《红楼梦》。""}","{""sentence"": ""ฉันกำลังอ่าน 《红楼梦》.""}"
139,partial_01.json,Translate the following Chinese phrase into Thai while keeping names of book unchanged (answer in json format):,"{""sentence"": ""《三国演义》是中国古代四大名著之一。""}","{""sentence"": ""《三国演义》 เป็นหนึ่งในสี่วรรณกรรมคลาสสิกของจีนโบราณ.""}"
140,partial_01.json,Translate the following Chinese phrase into Thai while keeping names of book unchanged (answer in json format):,"{""sentence"": ""我喜欢《哈利·波特》系列小说。""}","{""sentence"": ""ฉันชอบนวนิยายชุด 《哈利·波特》.""}"
141,partial_01.json,Translate the following Chinese phrase into Thai while keeping names of book unchanged (answer in json format):,"{""sentence"": ""《西游记》讲述了唐僧取经的故事。""}","{""sentence"": ""《西游记》 เล่าเรื่องราวการเดินทางของ 唐僧 เพื่อขอพระไตรปิฎก.""}"
142,partial_01.json,Translate the following Chinese phrase into Thai while keeping names of book unchanged (answer in json format):,"{""sentence"": ""《水浒传》描写了宋江领导的农民起义。""}","{""sentence"": ""《水浒传》 บรรยายการก่อกบฏของชาวนาที่นำโดย 宋江.""}"
143,partial_02.json,Translate the following Thai phrase into Chinese while keeping names of city unchanged (answer in json format):,"{""sentence"": ""ฉันจะไปกรุงเทพในเดือนหน้า""}","{""sentence"": ""我下个月要去 กรุงเทพ.""}"
144,partial_02.json,Translate the following Thai phrase into Chinese while keeping names of city unchanged (answer in json format):,"{""sentence"": ""เชียงใหม่เป็นเมืองที่สวยงาม""}","{""sentence"": ""เชียงใหม่ 是一个美丽的城市.""}"
145,partial_02.json,Translate the following Thai phrase into Chinese while keeping names of city unchanged (answer in json format):,"{""sentence"": ""พวกเขาวางแผนเดินทางจากภูเก็ตไปพัทยา""}","{""sentence"": ""他们计划从 ภูเก็ต 去 พัทยา 旅行.""}"
146,partial_02.json,Translate the following Thai phrase into Chinese while keeping names of city unchanged (answer in json format):,"{""sentence"": ""ฉันชอบกินส้มตำที่อุดรธานี""}","{""sentence"": ""我喜欢在 อุดรธานี 吃青木瓜沙拉.""}"
147,partial_02.json,Translate the following Thai phrase into Chinese while keeping names of city unchanged (answer in json format):,"{""sentence"": ""ทะเลสาบอินเลในเมียนมาร์สวยงามมาก""}","{""sentence"": ""ทะเลสาบ อินเล ใน เมียนมาร์ 非常美丽.""}"
148,partial_02.json,Translate the following Thai phrase into Chinese while keeping names of people unchanged (answer in json format):,"{""sentence"": ""สมชายและสมหญิงไปตลาด""}","{""sentence"": ""สมชาย 和 สมหญิง 去市场.""}"
149,partial_02.json,Translate the following Thai phrase into Chinese while keeping names of people unchanged (answer in json format):,"{""sentence"": ""วิชัยทักทายสุนีย์""}","{""sentence"": ""วิชัย 向 สุนีย์ 打招呼.""}"
150,partial_02.json,Translate the following Thai phrase into Chinese while keeping names of people unchanged (answer in json format):,"{""sentence"": ""จิราภรณ์และกิตติพงษ์วางแผนเดินทาง""}","{""sentence"": ""จิราภรณ์ 和 กิตติพงษ์ 计划旅行.""}"
151,partial_02.json,Translate the following Thai phrase into Chinese while keeping names of people unchanged (answer in json format):,"{""sentence"": ""อนุชาและปวีณาเดินเล่นในสวนสาธารณะ""}","{""sentence"": ""อนุชา 和 ปวีณา 在公园散步.""}"
152,partial_02.json,Translate the following Thai phrase into Chinese while keeping names of people unchanged (answer in json format):,"{""sentence"": ""ธนพลและมาลีเรียนภาษาจีนด้วยกัน""}","{""sentence"": ""ธนพล 和 มาลี 一起学习中文.""}"
153,partial_02.json,Translate the following Thai phrase into Chinese while keeping names of city unchanged (answer in json format):,"{""sentence"": ""ฉันจะไปโซลในเดือนหน้า""}","{""sentence"": ""我下个月要去 โซล 出差.""}"
154,partial_02.json,Translate the following Thai phrase into Chinese while keeping names of city unchanged (answer in json format):,"{""sentence"": ""โตเกียวเป็นเมืองที่ใหญ่""}","{""sentence"": ""โตเกียว 是一个很大的城市.""}"
155,partial_02.json,Translate the following Thai phrase into Chinese while keeping names of city unchanged (answer in json format):,"{""sentence"": ""พวกเขาวางแผนเดินทางจากโอซาก้าไปเกียวโต""}","{""sentence"": ""他们计划从 โอซาก้า 去 เกียวโต 旅行.""}"
156,partial_02.json,Translate the following Thai phrase into Chinese while keeping names of city unchanged (answer in json format):,"{""sentence"": ""ฉันชอบกินซูชิที่โยโกฮาม่า""}","{""sentence"": ""我喜欢在 โยโกฮาม่า 吃寿司.""}"
157,partial_02.json,Translate the following Thai phrase into Chinese while keeping names of city unchanged (answer in json format):,"{""sentence"": ""ทะเลสาบบิวะในชิกะสวยงามมาก""}","{""sentence"": ""ทะเลสาบ บิวะ ใน ชิกะ 非常美丽.""}"
158,partial_02.json,Translate the following Thai phrase into Chinese while keeping names of people unchanged (answer in json format):,"{""sentence"": ""สมชายและสมหญิงไปตลาด""}","{""sentence"": ""สมชาย 和 สมหญิง 去市场.""}"
159,partial_02.json,Translate the following Thai phrase into Chinese while keeping names of people unchanged (answer in json format):,"{""sentence"": ""วิชัยทักทายสุนีย์""}","{""sentence"": ""วิชัย 向 สุนีย์ 打招呼.""}"
160,partial_02.json,Translate the following Thai phrase into Chinese while keeping names of people unchanged (answer in json format):,"{""sentence"": ""จิราภรณ์และกิตติพงษ์วางแผนเดินทาง""}","{""sentence"": ""จิราภรณ์ 和 กิตติพงษ์ 计划旅行.""}"
161,partial_02.json,Translate the following Thai phrase into Chinese while keeping names of people unchanged (answer in json format):,"{""sentence"": ""อนุชาและปวีณาเดินเล่นในสวนสาธารณะ""}","{""sentence"": ""อนุชา 和 ปวีณา 在公园散步.""}"
162,partial_02.json,Translate the following Thai phrase into Chinese while keeping names of people unchanged (answer in json format):,"{""sentence"": ""ธนพลและมาลีเรียนภาษาจีนด้วยกัน""}","{""sentence"": ""ธนพล 和 มาลี 一起学习中文.""}"
163,dictionary_01.json,Give the definition of the following Thai vocab in Chinese:,แมว,猫，一种常见的宠物动物。
164,dictionary_01.json,Give the definition of the following Thai vocab in Chinese:,บ้าน,房子，人们居住的建筑物。
165,dictionary_01.json,Give the definition of the following Thai vocab in Chinese:,หนังสือ,书籍，用于阅读和学习的材料。
166,dictionary_01.json,Give the definition of the following Thai vocab in Chinese:,น้ำ,水，生命之源，无色无味的液体。
167,dictionary_01.json,Give the definition of the following Thai vocab in Chinese:,รถ,汽车，一种用于交通运输的机动车辆。
168,dictionary_01.json,Give the definition of the following Thai vocab in Chinese:,อาหาร,食物，人们摄取以维持生命和健康的物质。
169,dictionary_01.json,Give the definition of the following Thai vocab in Chinese:,โรงเรียน,学校，提供教育和学习的机构。
170,dictionary_01.json,Give the definition of the following Thai vocab in Chinese:,เพื่อน,朋友，与自己有亲密关系的人。
171,dictionary_01.json,Give the definition of the following Thai vocab in Chinese:,ดอกไม้,花朵，植物的生殖器官，通常具有鲜艳的颜色和香气。
172,dictionary_01.json,Give the definition of the following Thai vocab in Chinese:,เพลง,歌曲，由旋律和歌词组成的音乐作品。
173,dictionary_01.json,Give the definition of the following Thai vocab in Chinese:,ทะเล,海洋，覆盖地球表面的巨大水体。
174,dictionary_01.json,Give the definition of the following Thai vocab in Chinese:,ภูเขา,山脉，地球表面高耸的自然地形。
175,dictionary_01.json,Give the definition of the following Thai vocab in Chinese:,เด็ก,孩子，年龄较小的人，通常指未成年的个体。
176,dictionary_01.json,Give the definition of the following Thai vocab in Chinese:,เวลา,时间，事件发生的持续或顺序。
177,dictionary_01.json,Give the definition of the following Thai vocab in Chinese:,สุขภาพ,健康，身体和心理的良好状态。
178,dictionary_01.json,Give the definition of the following Thai vocab in Chinese:,ความรัก,爱情，强烈的情感和关爱。
179,dictionary_01.json,Give the definition of the following Thai vocab in Chinese:,งาน,工作，人们为了谋生而进行的活动。
180,dictionary_01.json,Give the definition of the following Thai vocab in Chinese:,เงิน,钱，作为交换媒介的货币。
181,dictionary_01.json,Give the definition of the following Thai vocab in Chinese:,ครอบครัว,家庭，由亲密关系的人组成的社会单位。
182,dictionary_01.json,Give the definition of the following Thai vocab in Chinese:,ความสุข,幸福，内心的满足和愉悦感。
183,dictionary_02.json,Give the definition of the following Chinese vocab in Thai:,猫,แมว สัตว์เลี้ยงที่พบได้บ่อย
184,dictionary_02.json,Give the definition of the following Chinese vocab in Thai:,房子,บ้าน อาคารที่คนอาศัยอยู่
185,dictionary_02.json,Give the definition of the following Chinese vocab in Thai:,书籍,หนังสือ วัสดุสำหรับอ่านและเรียนรู้
186,dictionary_02.json,Give the definition of the following Chinese vocab in Thai:,水,น้ำ แหล่งชีวิต ของเหลวไม่มีสีและรสชาติ
187,dictionary_02.json,Give the definition of the following Chinese vocab in Thai:,汽车,รถ ยานพาหนะที่ใช้สำหรับการขนส่ง
188,dictionary_02.json,Give the definition of the following Chinese vocab in Thai:,食物,อาหาร สารที่คนบริโภคเพื่อรักษาชีวิตและสุขภาพ
189,dictionary_02.json,Give the definition of the following Chinese vocab in Thai:,学校,โรงเรียน สถาบันที่ให้การศึกษาและการเรียนรู้
190,dictionary_02.json,Give the definition of the following Chinese vocab in Thai:,朋友,เพื่อน คนที่มีความสัมพันธ์ใกล้ชิดกับตนเอง
191,dictionary_02.json,Give the definition of the following Chinese vocab in Thai:,花朵,ดอกไม้ อวัยวะสืบพันธุ์ของพืช มักมีสีสันสดใสและมีกลิ่นหอม
192,dictionary_02.json,Give the definition of the following Chinese vocab in Thai:,歌曲,เพลง ผลงานดนตรีที่ประกอบด้วยทำนองและเนื้อร้อง
193,dictionary_02.json,Give the definition of the following Chinese vocab in Thai:,电脑,คอมพิวเตอร์ อุปกรณ์อิเล็กทรอนิกส์ที่ใช้สำหรับประมวลผลข้อมูล
194,dictionary_02.json,Give the definition of the following Chinese vocab in Thai:,手机,โทรศัพท์มือถือ อุปกรณ์สื่อสารแบบพกพาที่ใช้สำหรับการโทรและส่งข้อความ
195,dictionary_02.json,Give the definition of the following Chinese vocab in Thai:,电视,โทรทัศน์ อุปกรณ์ที่ใช้สำหรับรับชมรายการโทรทัศน์
196,dictionary_02.json,Give the definition of the following Chinese vocab in Thai:,音乐,ดนตรี ศิลปะที่ใช้เสียงและจังหวะในการสร้างความบันเทิง
197,dictionary_02.json,Give the definition of the following Chinese vocab in Thai:,电影,ภาพยนตร์ ผลงานศิลปะที่ใช้ภาพเคลื่อนไหวในการเล่าเรื่อง
198,dictionary_02.json,Give the definition of the following Chinese vocab in Thai:,运动,กีฬา กิจกรรมที่ใช้ร่างกายในการแข่งขันหรือออกกำลังกาย
199,dictionary_02.json,Give the definition of the following Chinese vocab in Thai:,书店,ร้านหนังสือ ร้านค้าที่ขายหนังสือและวัสดุการอ่านอื่นๆ
200,dictionary_02.json,Give the definition of the following Chinese vocab in Thai:,咖啡,กาแฟ เครื่องดื่มที่ทำจากเมล็ดกาแฟคั่ว
201,dictionary_02.json,Give the definition of the following Chinese vocab in Thai:,茶,ชา เครื่องดื่มที่ทำจากใบชาผ่านการชงด้วยน้ำร้อน
202,dictionary_02.json,Give the definition of the following Chinese vocab in Thai:,面包,ขนมปัง อาหารที่ทำจากแป้งและอบจนสุก
203,hsk_01.json,Translate the following HSK vocabulary term into Thai and provide its HSK level with definition:,努力,"{'translation': 'พยายาม', 'HSK_level': 4, 'definition': 'การทำงานหนักเพื่อให้บรรลุเป้าหมาย'}"
204,hsk_01.json,Translate the following HSK vocabulary term into Thai and provide its HSK level with definition:,成功,"{'translation': 'ความสำเร็จ', 'HSK_level': 4, 'definition': 'การบรรลุเป้าหมายหรือความต้องการ'}"
205,hsk_01.json,Translate the following HSK vocabulary term into Thai and provide its HSK level with definition:,经验,"{'translation': 'ประสบการณ์', 'HSK_level': 4, 'definition': 'ความรู้หรือทักษะที่ได้รับจากการทำสิ่งต่างๆ ในอดีต'}"
206,hsk_01.json,Translate the following HSK vocabulary term into Thai and provide its HSK level with definition:,挑战,"{'translation': 'ความท้าทาย', 'HSK_level': 4, 'definition': 'สถานการณ์หรือปัญหาที่ต้องการความพยายามและทักษะในการแก้ไข'}"
207,hsk_01.json,Translate the following HSK vocabulary term into Thai and provide its HSK level with definition:,合作,"{'translation': 'ความร่วมมือ', 'HSK_level': 4, 'definition': 'การทำงานร่วมกันเพื่อบรรลุเป้าหมายที่ตั้งไว้'}"
208,hsk_01.json,Translate the following HSK vocabulary term into Thai and provide its HSK level with definition:,创新,"{'translation': 'นวัตกรรม', 'HSK_level': 4, 'definition': 'การสร้างสิ่งใหม่หรือวิธีการใหม่ๆ ที่มีประโยชน์'}"
209,hsk_01.json,Translate the following HSK vocabulary term into Thai and provide its HSK level with definition:,责任,"{'translation': 'ความรับผิดชอบ', 'HSK_level': 4, 'definition': 'หน้าที่หรือภาระที่ต้องทำให้สำเร็จ'}"
210,hsk_01.json,Translate the following HSK vocabulary term into Thai and provide its HSK level with definition:,环境,"{'translation': 'สิ่งแวดล้อม', 'HSK_level': 4, 'definition': 'สภาพแวดล้อมรอบตัวเรา รวมถึงธรรมชาติและสังคม'}"
211,hsk_01.json,Translate the following HSK vocabulary term into Thai and provide its HSK level with definition:,文化,"{'translation': 'วัฒนธรรม', 'HSK_level': 4, 'definition': 'ระบบความเชื่อ ประเพณี และวิถีชีวิตของกลุ่มคน'}"
212,hsk_01.json,Translate the following HSK vocabulary term into Thai and provide its HSK level with definition:,教育,"{'translation': 'การศึกษา', 'HSK_level': 4, 'definition': 'กระบวนการเรียนรู้และพัฒนาความรู้ ทักษะ และคุณค่า'}"
213,hsk_02.json,Translate the following HSK vocabulary term into Thai and provide its HSK level with definition:,朋友,"{'translation': 'เพื่อน', 'HSK_level': 1, 'definition': 'คนที่เรารู้จักและมีความสัมพันธ์ที่ดี'}"
214,hsk_02.json,Translate the following HSK vocabulary term into Thai and provide its HSK level with definition:,学校,"{'translation': 'โรงเรียน', 'HSK_level': 1, 'definition': 'สถานที่ที่เด็กๆ ไปเรียนหนังสือ'}"
215,hsk_02.json,Translate the following HSK vocabulary term into Thai and provide its HSK level with definition:,水,"{'translation': 'น้ำ', 'HSK_level': 1, 'definition': 'ของเหลวที่ไม่มีสีและรสชาติ ซึ่งจำเป็นต่อการดำรงชีวิต'}"
216,hsk_02.json,Translate the following HSK vocabulary term into Thai and provide its HSK level with definition:,书籍,"{'translation': 'หนังสือ', 'HSK_level': 1, 'definition': 'วัสดุที่ใช้สำหรับอ่านและเรียนรู้'}"
217,hsk_02.json,Translate the following HSK vocabulary term into Thai and provide its HSK level with definition:,汽车,"{'translation': 'รถ', 'HSK_level': 1, 'definition': 'ยานพาหนะที่ใช้สำหรับการขนส่งผู้คนหรือสิ่งของ'}"
218,hsk_02.json,Translate the following HSK vocabulary term into Thai and provide its HSK level with definition:,食物,"{'translation': 'อาหาร', 'HSK_level': 1, 'definition': 'สารที่คนบริโภคเพื่อรักษาชีวิตและสุขภาพ'}"
219,hsk_02.json,Translate the following HSK vocabulary term into Thai and provide its HSK level with definition:,花朵,"{'translation': 'ดอกไม้', 'HSK_level': 2, 'definition': 'ส่วนหนึ่งของพืชที่มักมีสีสันสดใสและมีกลิ่นหอม'}"
220,hsk_02.json,Translate the following HSK vocabulary term into Thai and provide its HSK level with definition:,歌曲,"{'translation': 'เพลง', 'HSK_level': 2, 'definition': 'ผลงานดนตรีที่ประกอบด้วยทำนองและเนื้อร้อง'}"
221,hsk_02.json,Translate the following HSK vocabulary term into Thai and provide its HSK level with definition:,猫,"{'translation': 'แมว', 'HSK_level': 1, 'definition': 'สัตว์เลี้ยงที่มีขนปกคลุมตัว มักเป็นเพื่อนกับมนุษย์'}"
222,hsk_02.json,Translate the following HSK vocabulary term into Thai and provide its HSK level with definition:,房子,"{'translation': 'บ้าน', 'HSK_level': 1, 'definition': 'อาคารที่คนอาศัยอยู่เพื่อพักอาศัย'}"
223,hsk_03.json,Translate the following HSK vocabulary term into Thai and provide its HSK level with definition:,环境,"{'translation': 'สิ่งแวดล้อม', 'HSK_level': 5, 'definition': 'สภาพแวดล้อมรอบตัวมนุษย์ รวมถึงธรรมชาติและสังคม'}"
224,hsk_03.json,Translate the following HSK vocabulary term into Thai and provide its HSK level with definition:,发展,"{'translation': 'พัฒนา', 'HSK_level': 5, 'definition': 'การเติบโตหรือปรับปรุงให้ดีขึ้น'}"
225,hsk_03.json,Translate the following HSK vocabulary term into Thai and provide its HSK level with definition:,提高,"{'translation': 'ยกระดับ', 'HSK_level': 5, 'definition': 'ทำให้มีคุณภาพหรือประสิทธิภาพสูงขึ้น'}"
226,hsk_03.json,Translate the following HSK vocabulary term into Thai and provide its HSK level with definition:,经济,"{'translation': 'เศรษฐกิจ', 'HSK_level': 5, 'definition': 'ระบบการผลิต การแลกเปลี่ยน และการบริโภคสินค้าและบริการในสังคม'}"
227,hsk_03.json,Translate the following HSK vocabulary term into Thai and provide its HSK level with definition:,文化,"{'translation': 'วัฒนธรรม', 'HSK_level': 5, 'definition': 'ลักษณะและวิถีชีวิตของกลุ่มคนที่สะท้อนผ่านศิลปะ ความเชื่อ และประเพณี'}"
228,hsk_03.json,Translate the following HSK vocabulary term into Thai and provide its HSK level with definition:,社会,"{'translation': 'สังคม', 'HSK_level': 5, 'definition': 'กลุ่มคนที่มีความสัมพันธ์และปฏิสัมพันธ์กันในรูปแบบต่างๆ'}"
229,hsk_03.json,Translate the following HSK vocabulary term into Thai and provide its HSK level with definition:,教育,"{'translation': 'การศึกษา', 'HSK_level': 5, 'definition': 'กระบวนการเรียนรู้และพัฒนาความรู้ ทักษะ และคุณค่า'}"
230,hsk_03.json,Translate the following HSK vocabulary term into Thai and provide its HSK level with definition:,科技,"{'translation': 'เทคโนโลยี', 'HSK_level': 5, 'definition': 'การประยุกต์ใช้ความรู้ทางวิทยาศาสตร์เพื่อพัฒนาสิ่งใหม่ๆ ที่เป็นประโยชน์ต่อมนุษย์'}"
231,hsk_03.json,Translate the following HSK vocabulary term into Thai and provide its HSK level with definition:,健康,"{'translation': 'สุขภาพ', 'HSK_level': 5, 'definition': 'สภาพของร่างกายและจิตใจที่ดีและสมบูรณ์'}"
232,hsk_03.json,Translate the following HSK vocabulary term into Thai and provide its HSK level with definition:,艺术,"{'translation': 'ศิลปะ', 'HSK_level': 5, 'definition': 'การแสดงออกทางความคิดและความรู้สึกผ่านสื่อและรูปแบบต่างๆ เช่น ดนตรี วาดภาพ และการแสดง'}"
233,hsk_04.json,Translate the following HSK vocabulary term into Thai and provide its HSK level with definition:,坚持不懈,"{'translation': 'ไม่ย่อท้อ', 'HSK_level': 6, 'definition': 'ทำอย่างต่อเนื่องโดยไม่ยอมแพ้แม้เจออุปสรรค'}"
234,hsk_04.json,Translate the following HSK vocabulary term into Thai and provide its HSK level with definition:,举足轻重,"{'translation': 'มีอิทธิพลสำคัญ', 'HSK_level': 6, 'definition': 'มีบทบาทหรืออิทธิพลที่สำคัญต่อผลลัพธ์'}"
235,hsk_04.json,Translate the following HSK vocabulary term into Thai and provide its HSK level with definition:,精益求精,"{'translation': 'ปรับปรุงให้ดียิ่งขึ้น', 'HSK_level': 6, 'definition': 'พยายามทำให้ดีที่สุดและพัฒนาคุณภาพต่อเนื่อง'}"
236,hsk_04.json,Translate the following HSK vocabulary term into Thai and provide its HSK level with definition:,无可厚非,"{'translation': 'ไม่สามารถตำหนิได้', 'HSK_level': 6, 'definition': 'สิ่งที่ไม่ควรถูกวิจารณ์เพราะมีเหตุผลที่เข้าใจได้'}"
237,hsk_04.json,Translate the following HSK vocabulary term into Thai and provide its HSK level with definition:,名副其实,"{'translation': 'สมกับชื่อเสียง', 'HSK_level': 6, 'definition': 'มีคุณสมบัติหรือความสามารถที่ตรงกับชื่อเสียงหรือคำกล่าวอ้าง'}"
238,hsk_04.json,Translate the following HSK vocabulary term into Thai and provide its HSK level with definition:,迫不及待,"{'translation': 'อดใจรอไม่ไหว', 'HSK_level': 6, 'definition': 'รู้สึกตื่นเต้นและอยากทำบางสิ่งทันทีโดยไม่อยากรอ'}"
239,hsk_04.json,Translate the following HSK vocabulary term into Thai and provide its HSK level with definition:,无忧无虑,"{'translation': 'ไร้กังวล', 'HSK_level': 6, 'definition': 'มีชีวิตที่ปราศจากความกังวลหรือปัญหา'}"
240,hsk_04.json,Translate the following HSK vocabulary term into Thai and provide its HSK level with definition:,千方百计,"{'translation': 'พยายามทุกวิถีทาง', 'HSK_level': 6, 'definition': 'ใช้วิธีการต่างๆ มากมายเพื่อบรรลุเป้าหมาย'}"
241,hsk_04.json,Translate the following HSK vocabulary term into Thai and provide its HSK level with definition:,无微不至,"{'translation': 'เอาใจใส่ทุกด้าน', 'HSK_level': 6, 'definition': 'ดูแลหรือเอาใจใส่ในทุกรายละเอียดอย่างละเอียดถี่ถ้วน'}"
242,hsk_04.json,Translate the following HSK vocabulary term into Thai and provide its HSK level with definition:,与众不同,"{'translation': 'ไม่เหมือนใคร', 'HSK_level': 6, 'definition': 'มีลักษณะหรือคุณสมบัติที่โดดเด่นและแตกต่างจากคนอื่น'}"
243,word_alignment.json,Align the following sentence by listing each Chinese word with its Thai equivalent (answer in json format):,"{""sentence"": ""我喜欢学习中文""}","{""alignment"": {""我"": ""ฉัน"", ""喜欢"": ""ชอบ"", ""学习"": ""เรียน"", ""中文"": ""ภาษาจีน""}}"
244,word_alignment.json,Align the following sentence by listing each Chinese word with its Thai equivalent (answer in json format):,"{""sentence"": ""他每天跑步""}","{""alignment"": {""他"": ""เขา"", ""每天"": ""ทุกวัน"", ""跑步"": ""วิ่ง""}}"
245,word_alignment.json,Align the following sentence by listing each Chinese word with its Thai equivalent (answer in json format):,"{""sentence"": ""今天天气很好""}","{""alignment"": {""今天"": ""วันนี้"", ""天气"": ""อากาศ"", ""很"": ""ดีมาก""}}"
246,word_alignment.json,Align the following sentence by listing each Chinese word with its Thai equivalent (answer in json format):,"{""sentence"": ""我们去学校""}","{""alignment"": {""我们"": ""พวกเรา"", ""去"": ""ไป"", ""学校"": ""โรงเรียน""}}"
247,word_alignment.json,Align the following sentence by listing each Chinese word with its Thai equivalent (answer in json format):,"{""sentence"": ""老师在教室""}","{""alignment"": {""老师"": ""ครู"", ""在"": ""อยู่"", ""教室"": ""ห้องเรียน""}}"
248,word_alignment.json,Align the following sentence by listing each Chinese word with its Thai equivalent (answer in json format):,"{""sentence"": ""她喜欢吃苹果""}","{""alignment"": {""她"": ""เธอ"", ""喜欢"": ""ชอบ"", ""吃"": ""กิน"", ""苹果"": ""แอปเปิ้ล""}}"
249,word_alignment.json,Align the following sentence by listing each Chinese word with its Thai equivalent (answer in json format):,"{""sentence"": ""中国是一个大国""}","{""alignment"": {""中国"": ""ประเทศจีน"", ""是"": ""คือ"", ""一个"": ""หนึ่ง"", ""大国"": ""ประเทศใหญ่""}}"
250,word_alignment.json,Align the following sentence by listing each Chinese word with its Thai equivalent (answer in json format):,"{""sentence"": ""学生们在图书馆""}","{""alignment"": {""学生们"": ""นักเรียน"", ""在"": ""อยู่"", ""图书馆"": ""ห้องสมุด""}}"
251,word_alignment.json,Align the following sentence by listing each Chinese word with its Thai equivalent (answer in json format):,"{""sentence"": ""我们一起看电影""}","{""alignment"": {""我们"": ""พวกเรา"", ""一起"": ""ด้วยกัน"", ""看"": ""ดู"", ""电影"": ""หนัง""}}"
252,word_alignment.json,Align the following sentence by listing each Chinese word with its Thai equivalent (answer in json format):,"{""sentence"": ""妈妈做饭很好吃""}","{""alignment"": {""妈妈"": ""แม่"", ""做饭"": ""ทำอาหาร"", ""很好吃"": ""อร่อยมาก""}}"
253,word_alignment.json,Align the following sentence by listing each Chinese word with its Thai equivalent (answer in json format):,"{""sentence"": ""我有一本书""}","{""alignment"": {""我"": ""ฉัน"", ""有"": ""มี"", ""一本"": ""หนึ่งเล่ม"", ""书"": ""หนังสือ""}}"
254,word_alignment.json,Align the following sentence by listing each Chinese word with its Thai equivalent (answer in json format):,"{""sentence"": ""他们住在曼谷""}","{""alignment"": {""他们"": ""พวกเขา"", ""住"": ""อาศัย"", ""在"": ""ที่"", ""曼谷"": ""กรุงเทพฯ""}}"
255,word_alignment.json,Align the following sentence by listing each Chinese word with its Thai equivalent (answer in json format):,"{""sentence"": ""你会说泰语吗""}","{""alignment"": {""你"": ""คุณ"", ""会"": ""สามารถ"", ""说"": ""พูด"", ""泰语"": ""ภาษาไทย"", ""吗"": ""ไหม""}}"
256,word_alignment.json,Align the following sentence by listing each Chinese word with its Thai equivalent (answer in json format):,"{""sentence"": ""图书馆里有很多人""}","{""alignment"": {""图书馆"": ""ห้องสมุด"", ""里"": ""ใน"", ""有"": ""มี"", ""很多"": ""หลาย"", ""人"": ""คน""}}"
257,word_alignment.json,Align the following sentence by listing each Chinese word with its Thai equivalent (answer in json format):,"{""sentence"": ""他正在写作业""}","{""alignment"": {""他"": ""เขา"", ""正在"": ""กำลัง"", ""写"": ""เขียน"", ""作业"": ""การบ้าน""}}"
258,word_alignment.json,Align the following sentence by listing each Chinese word with its Thai equivalent (answer in json format):,"{""sentence"": ""孩子们在玩游戏""}","{""alignment"": {""孩子们"": ""เด็กๆ"", ""在"": ""กำลัง"", ""玩"": ""เล่น"", ""游戏"": ""เกม""}}"
259,word_alignment.json,Align the following sentence by listing each Chinese word with its Thai equivalent (answer in json format):,"{""sentence"": ""我们学数学""}","{""alignment"": {""我们"": ""พวกเรา"", ""学"": ""เรียน"", ""数学"": ""คณิตศาสตร์""}}"
260,word_alignment.json,Align the following sentence by listing each Chinese word with its Thai equivalent (answer in json format):,"{""sentence"": ""她喜欢听音乐""}","{""alignment"": {""她"": ""เธอ"", ""喜欢"": ""ชอบ"", ""听"": ""ฟัง"", ""音乐"": ""ดนตรี""}}"
261,word_alignment.json,Align the following sentence by listing each Chinese word with its Thai equivalent (answer in json format):,"{""sentence"": ""北京是中国的首都""}","{""alignment"": {""北京"": ""ปักกิ่ง"", ""是"": ""คือ"", ""中国"": ""ประเทศจีน"", ""的"": ""ของ"", ""首都"": ""เมืองหลวง""}}"
262,word_alignment.json,Align the following sentence by listing each Chinese word with its Thai equivalent (answer in json format):,"{""sentence"": ""爸爸开车去公司""}","{""alignment"": {""爸爸"": ""พ่อ"", ""开车"": ""ขับรถ"", ""去"": ""ไป"", ""公司"": ""บริษัท""}}"
263,word_alignment02.json,Align the following sentence by listing each Chinese word with its Thai equivalent (answer in json format):,"{""sentence"": ""我喜欢学习中文""}","{""alignment"": {""我"": ""ฉัน"", ""喜欢"": ""ชอบ"", ""学习"": ""เรียน"", ""中文"": ""ภาษาจีน""}}"
264,word_alignment02.json,Align the following sentence by listing each Chinese word with its Thai equivalent (answer in json format):,"{""sentence"": ""他每天早上跑步""}","{""alignment"": {""他"": ""เขา"", ""每天"": ""ทุกวัน"", ""早上"": ""เช้า"", ""跑步"": ""วิ่ง""}}"
265,word_alignment02.json,Align the following sentence by listing each Chinese word with its Thai equivalent (answer in json format):,"{""sentence"": ""我们去公园玩""}","{""alignment"": {""我们"": ""เรา"", ""去"": ""ไป"", ""公园"": ""สวนสาธารณะ"", ""玩"": ""เล่น""}}"
266,word_alignment02.json,Align the following sentence by listing each Chinese word with its Thai equivalent (answer in json format):,"{""sentence"": ""她喜欢喝茶""}","{""alignment"": {""她"": ""เธอ"", ""喜欢"": ""ชอบ"", ""喝"": ""ดื่ม"", ""茶"": ""ชา""}}"
267,word_alignment02.json,Align the following sentence by listing each Chinese word with its Thai equivalent (answer in json format):,"{""sentence"": ""今天是个好日子""}","{""alignment"": {""今天"": ""วันนี้"", ""是"": ""เป็น"", ""个"": ""(ลักษณะนาม)"", ""好"": ""ดี"", ""日子"": ""วัน""}}"
268,word_alignment02.json,Align the following sentence by listing each Chinese word with its Thai equivalent (answer in json format):,"{""sentence"": ""我喜欢吃水果""}","{""alignment"": {""我"": ""ฉัน"", ""喜欢"": ""ชอบ"", ""吃"": ""กิน"", ""水果"": ""ผลไม้""}}"
269,word_alignment02.json,Align the following sentence by listing each Chinese word with its Thai equivalent (answer in json format):,"{""sentence"": ""他在学校学习""}","{""alignment"": {""他"": ""เขา"", ""在"": ""ที่"", ""学校"": ""โรงเรียน"", ""学习"": ""เรียน""}}"
270,word_alignment02.json,Align the following sentence by listing each Chinese word with its Thai equivalent (answer in json format):,"{""sentence"": ""我们一起去旅行""}","{""alignment"": {""我们"": ""เรา"", ""一起"": ""ด้วยกัน"", ""去"": ""ไป"", ""旅行"": ""เที่ยว""}}"
271,word_alignment02.json,Align the following sentence by listing each Chinese word with its Thai equivalent (answer in json format):,"{""sentence"": ""她喜欢看电影""}","{""alignment"": {""她"": ""เธอ"", ""喜欢"": ""ชอบ"", ""看"": ""ดู"", ""电影"": ""หนัง""}}"
272,word_alignment02.json,Align the following sentence by listing each Chinese word with its Thai equivalent (answer in json format):,"{""sentence"": ""明天我们去购物""}","{""alignment"": {""明天"": ""พรุ่งนี้"", ""我们"": ""เรา"", ""去"": ""ไป"", ""购物"": ""ช็อปปิ้ง""}}"
273,word_alignment02.json,Align the following sentence by listing each Chinese word with its Thai equivalent (answer in json format):,"{""sentence"": ""《西游记》讲述了唐僧取经的故事。""}","{""alignment"": {""《西游记》"": ""ไซอิ๋ว"", ""讲述了"": ""เล่าเรื่อง"", ""唐僧"": ""พระถังซัมจั๋ง"", ""取经的"": ""การเดินทางไปอัญเชิญพระไตรปิฎก"", ""故事"": ""เรื่องราว""}}"
274,word_alignment02.json,Align the following sentence by listing each Chinese word with its Thai equivalent (answer in json format):,"{""sentence"": ""《三国演义》是中国古代四大名著之一。""}","{""alignment"": {""《三国演义》"": ""สามก๊ก"", ""是"": ""เป็น"", ""中国"": ""จีน"", ""古代"": ""โบราณ"", ""四大名著之一"": ""หนึ่งในสี่วรรณกรรมคลาสสิกที่ยิ่งใหญ่ของจีน""}}"
275,word_alignment02.json,Align the following sentence by listing each Chinese word with its Thai equivalent (answer in json format):,"{""sentence"": ""《红楼梦》描写了贾宝玉和林黛玉的爱情故事。""}","{""alignment"": {""《红楼梦》"": ""ความฝันในหอแดง"", ""描写了"": ""บรรยาย"", ""贾宝玉"": ""เจียเป่าอวี้"", ""和"": ""และ"", ""林黛玉"": ""หลินไต้หยู่"", ""的"": ""(คำเชื่อม)"", ""爱情故事"": ""เรื่องราวความรัก""}}"
276,word_alignment02.json,Align the following sentence by listing each Chinese word with its Thai equivalent (answer in json format):,"{""sentence"": ""《水浒传》讲述了宋江领导的梁山好汉的故事。""}","{""alignment"": {""《水浒传》"": ""ไซ่ฮู้จวน"", ""讲述了"": ""เล่าเรื่อง"", ""宋江"": ""ซ่งเจียง"", ""领导的"": ""ที่นำโดย"", ""梁山好汉的"": ""เหล่าฮีโร่แห่งเขาหลียงซาน"", ""故事"": ""เรื่องราว""}}"
277,word_alignment02.json,Align the following sentence by listing each Chinese word with its Thai equivalent (answer in json format):,"{""sentence"": ""《聊斋志异》收录了许多奇幻的故事。""}","{""alignment"": {""《聊斋志异》"": ""เลี่ยวไจ๋จื้ออี้"", ""收录了"": ""รวบรวม"", ""许多"": ""หลาย"", ""奇幻的"": ""แฟนตาซี"", ""故事"": ""เรื่องราว""}}"
278,word_alignment02.json,Align the following sentence by listing each Chinese word with its Thai equivalent (answer in json format):,"{""sentence"": ""特斯拉的电动汽车很受欢迎""}","{""alignment"": {""特斯拉的"": ""ของเทสลา"", ""电动汽车"": ""รถยนต์ไฟฟ้า"", ""很"": ""มาก"", ""受欢迎"": ""ได้รับความนิยม""}}"
279,word_alignment02.json,Align the following sentence by listing each Chinese word with its Thai equivalent (answer in json format):,"{""sentence"": ""苹果公司的iPhone手机很受欢迎""}","{""alignment"": {""苹果公司的"": ""ของบริษัทแอปเปิล"", ""iPhone手机"": ""โทรศัพท์ไอโฟน"", ""很"": ""มาก"", ""受欢迎"": ""ได้รับความนิยม""}}"
280,word_alignment02.json,Align the following sentence by listing each Chinese word with its Thai equivalent (answer in json format):,"{""sentence"": ""谷歌的搜索引擎功能强大""}","{""alignment"": {""谷歌的"": ""ของกูเกิล"", ""搜索引擎"": ""เครื่องมือค้นหา"", ""功能"": ""ฟังก์ชัน"", ""强大"": ""ทรงพลัง""}}"
281,word_alignment02.json,Align the following sentence by listing each Chinese word with its Thai equivalent (answer in json format):,"{""sentence"": ""亚马逊的在线购物平台很方便""}","{""alignment"": {""亚马逊的"": ""ของอเมซอน"", ""在线购物平台"": ""แพลตฟอร์มช็อปปิ้งออนไลน์"", ""很"": ""มาก"", ""方便"": ""สะดวก""}}"
282,word_alignment02.json,Align the following sentence by listing each Chinese word with its Thai equivalent (answer in json format):,"{""sentence"": ""微软的操作系统广泛应用于电脑""}","{""alignment"": {""微软的"": ""ของไมโครซอฟต์"", ""操作系统"": ""ระบบปฏิบัติการ"", ""广泛"": ""อย่างกว้างขวาง"", ""应用于"": ""นำไปใช้กับ"", ""电脑"": ""คอมพิวเตอร์""}}"
283,word_alignment02.json,Align the following sentence by listing each Chinese word with its Thai equivalent (answer in json format):,"{""sentence"": ""我下个月要去北京出差。""}","{""alignment"": {""我"": ""ฉัน"", ""下个月"": ""เดือนหน้า"", ""要"": ""จะ"", ""去"": ""ไป"", ""北京"": ""ปักกิ่ง"", ""出差"": ""ทำงาน""}}"
284,word_alignment02.json,Align the following sentence by listing each Chinese word with its Thai equivalent (answer in json format):,"{""sentence"": ""上海是一个很大的城市。""}","{""alignment"": {""上海"": ""เซี่ยงไฮ้"", ""是"": ""เป็น"", ""一个"": ""(ลักษณะนาม)"", ""很大"": ""ใหญ่"", ""的"": ""(คำเชื่อม)"", ""城市"": ""เมือง""}}"
285,word_alignment02.json,Align the following sentence by listing each Chinese word with its Thai equivalent (answer in json format):,"{""sentence"": ""他们计划从广州去深圳旅行。""}","{""alignment"": {""他们"": ""พวกเขา"", ""计划"": ""วางแผน"", ""从"": ""จาก"", ""广州"": ""กวางโจว"", ""去"": ""ไป"", ""深圳"": ""เซินเจิ้น"", ""旅行"": ""เที่ยว""}}"
286,word_alignment02.json,Align the following sentence by listing each Chinese word with its Thai equivalent (answer in json format):,"{""sentence"": ""我喜欢在成都吃火锅。""}","{""alignment"": {""我"": ""ฉัน"", ""喜欢"": ""ชอบ"", ""在"": ""ที่"", ""成都"": ""เฉิงตู"", ""吃"": ""กิน"", ""火锅"": ""หม้อไฟ""}}"
287,word_alignment02.json,Align the following sentence by listing each Chinese word with its Thai equivalent (answer in json format):,"{""sentence"": ""杭州的西湖非常美丽。""}","{""alignment"": {""杭州的"": ""ของหางโจว"", ""西湖"": ""ทะเลสาบซีหู"", ""非常"": ""มาก"", ""美丽"": ""สวยงาม""}}"
288,word_alignment02.json,Align the following sentence by listing each Chinese word with its Thai equivalent (answer in json format):,"{""sentence"": ""李雷向韩梅梅打招呼。""}","{""alignment"": {""李雷"": ""หลี่เหย่"", ""向"": ""กับ"", ""韩梅梅"": ""หานเหมยเหมย"", ""打招呼"": ""ทักทาย""}}"
289,html_translation.json,"Translate text in this HTML from Chinese to Thai, keeping all tags unchanged (answer in string format):","<p title=""问候"">你好，世界</p>","<p title=""คำทักทาย"">สวัสดี โลก!</p>"
290,html_translation.json,"Translate text in this HTML from Chinese to Thai, keeping all tags unchanged (answer in json format):","{""html"": ""<button aria-label=\""提交\"">点击这里</button>""}","{""html"": ""<button aria-label=\""ส่ง\"">คลิกที่นี่</button>""}"
291,html_translation.json,"Translate text in this HTML from Chinese to Thai, keeping all tags unchanged (answer in string format):","1. <img alt=""猫"" src=""cat.jpg"">","1. <img alt=""แมว"" src=""cat.jpg"">"
292,html_translation.json,"Translate text in this HTML from Chinese to Thai, keeping all tags unchanged (answer in json format):","{""html"": ""<h1>欢迎</h1>""}","{""html"": ""<h1>ยินดีต้อนรับ</h1>""}"
293,html_translation.json,"Translate text in this HTML from Chinese to Thai, keeping all tags unchanged (answer in string format):","<a title=""更多"">查看更多</a>","<a title=""เพิ่มเติม"">ดูเพิ่มเติม</a>"
294,html_translation.json,"Translate text in this HTML from Chinese to Thai, keeping all tags unchanged (answer in json format):","{""html"": ""<span aria-label=\""电话\"">打电话</span>""}","{""html"": ""<span aria-label=\""โทรศัพท์\"">โทร</span>""}"
295,html_translation.json,"Translate text in this HTML from Chinese to Thai, keeping all tags unchanged (answer in string format):","<div title=""用户"">新用户</div>","<div title=""ผู้ใช้"">ผู้ใช้ใหม่</div>"
296,html_translation.json,"Translate text in this HTML from Chinese to Thai, keeping all tags unchanged (answer in json format):","{""html"": ""<footer>版权所有</footer>""}","{""html"": ""<footer>ลิขสิทธิ์</footer>""}"
297,html_translation.json,"Translate text in this HTML from Chinese to Thai, keeping all tags unchanged (answer in string format):",<label>密码</label>,<label>รหัสผ่าน</label>
298,html_translation.json,"Translate text in this HTML from Chinese to Thai, keeping all tags unchanged (answer in json format):","{""html"": ""<strong>重要</strong>""}","{""html"": ""<strong>สำคัญ</strong>""}"
299,html_translation.json,"Translate text in this HTML from Chinese to Thai, keeping all tags unchanged (answer in string format):","10. <p title=""问候"">你好，世界</p>","10. <p title=""คำทักทาย"">สวัสดี โลก!</p>"
300,html_translation.json,"Translate text in this HTML from Chinese to Thai, keeping all tags unchanged (answer in json format):","{""html"": ""[LINK 1]<button aria-label=\""提交\"">点击这里</button>""}","{""html"": ""[LINK 1]<button aria-label=\""ส่ง\"">คลิกที่นี่</button>""}"
301,html_translation.json,"Translate text in this HTML from Chinese to Thai, keeping all tags unchanged (answer in string format):","<img alt=""猫"" src=""cat.jpg"">","<img alt=""แมว"" src=""cat.jpg"">"
302,html_translation.json,"Translate text in this HTML from Chinese to Thai, keeping all tags unchanged (answer in json format):","{""html"": ""1.<h1>欢迎</h1>""}","{""html"": ""1.<h1>ยินดีต้อนรับ</h1>""}"
303,html_translation.json,"Translate text in this HTML from Chinese to Thai, keeping all tags unchanged (answer in string format):","1.<a title=""更多"">查看更多</a>","1.<a title=""เพิ่มเติม"">ดูเพิ่มเติม</a>"
304,html_translation.json,"Translate text in this HTML from Chinese to Thai, keeping all tags unchanged (answer in json format):","{""html"": ""1.<span aria-label=\""电话\"">打电话</span>""}","{""html"": ""1.<span aria-label=\""โทรศัพท์\"">โทร</span>""}"
305,html_translation.json,"Translate text in this HTML from Chinese to Thai, keeping all tags unchanged (answer in string format):","2. <div title=""用户"">新用户</div>","2. <div title=""ผู้ใช้"">ผู้ใช้ใหม่</div>"
306,html_translation.json,"Translate text in this HTML from Chinese to Thai, keeping all tags unchanged (answer in json format):","{""html"": ""**data here** <footer>版权所有</footer>""}","{""html"": ""**data here** <footer>ลิขสิทธิ์</footer>""}"
307,html_translation.json,"Translate text in this HTML from Chinese to Thai, keeping all tags unchanged (answer in string format):",<br/><label>密码</label>,<br/><label>รหัสผ่าน</label>
308,html_translation.json,"Translate text in this HTML from Chinese to Thai, keeping all tags unchanged (answer in json format):","{""html"": ""1. <strong>重要</strong>""}","{""html"": ""1. <strong>สำคัญ</strong>""}"
309,html_translation.json,"Translate text in this HTML from Chinese to Thai, keeping all tags unchanged (answer in string format):","A : <p title=""问候"">你好，世界</p>","A : <p title=""คำทักทาย"">สวัสดี โลก!</p>"
310,html_translation.json,"Translate text in this HTML from Chinese to Thai, keeping all tags unchanged (answer in json format):","{""html"": ""#Content <button aria-label=\""提交\"">点击这里</button>""}","{""html"": ""#Content <button aria-label=\""ส่ง\"">คลิกที่นี่</button>""}"
311,html_translation.json,"Translate text in this HTML from Chinese to Thai, keeping all tags unchanged (answer in string format):","**content** <img alt=""猫"" src=""cat.jpg"">","**content** <img alt=""แมว"" src=""cat.jpg"">"
312,html_translation.json,"Translate text in this HTML from Chinese to Thai, keeping all tags unchanged (answer in json format):","{""html"": ""A : <h1>欢迎</h1>""}","{""html"": ""A : <h1>ยินดีต้อนรับ</h1>""}"
313,html_translation.json,"Translate text in this HTML from Chinese to Thai, keeping all tags unchanged (answer in string format):","A: <a title=""更多"">查看更多</a>","A: <a title=""เพิ่มเติม"">ดูเพิ่มเติม</a>"
314,html_translation.json,"Translate text in this HTML from Chinese to Thai, keeping all tags unchanged (answer in json format):","{""html"": ""B:<span aria-label=\""电话\"">打电话</span>""}","{""html"": ""B:<span aria-label=\""โทรศัพท์\"">โทร</span>""}"
315,html_translation.json,"Translate text in this HTML from Chinese to Thai, keeping all tags unchanged (answer in string format):","CONTENT <div title=""用户"">新用户</div>","CONTENT <div title=""ผู้ใช้"">ผู้ใช้ใหม่</div>"
316,html_translation.json,"Translate text in this HTML from Chinese to Thai, keeping all tags unchanged (answer in json format):","{""html"": ""LOGO <footer>版权所有</footer>""}","{""html"": ""LOGO <footer>ลิขสิทธิ์</footer>""}"
317,html_translation.json,"Translate text in this HTML from Chinese to Thai, keeping all tags unchanged (answer in string format):",1.<label>密码</label>,1.<label>รหัสผ่าน</label>
318,html_translation.json,"Translate text in this HTML from Chinese to Thai, keeping all tags unchanged (answer in json format):","{""html"": ""A: <strong>重要</strong>""}","{""html"": ""A: <strong>สำคัญ</strong>""}"
319,html_translation.json,"Translate text in this HTML from Chinese to Thai, keeping all tags unchanged (answer in string format):","100. <p title=""问候"">你好，世界</p>","100. <p title=""คำทักทาย"">สวัสดี โลก!</p>"
320,html_translation.json,"Translate text in this HTML from Chinese to Thai, keeping all tags unchanged (answer in json format):","{""html"": ""**data** <button aria-label=\""提交\"">点击这里</button>""}","{""html"": ""**data** <button aria-label=\""ส่ง\"">คลิกที่นี่</button>""}"
321,html_translation.json,"Translate text in this HTML from Chinese to Thai, keeping all tags unchanged (answer in string format):","B : <img alt=""猫"" src=""cat.jpg"">","B : <img alt=""แมว"" src=""cat.jpg"">"
322,html_translation.json,"Translate text in this HTML from Chinese to Thai, keeping all tags unchanged (answer in json format):","{""html"": ""<br><h1>欢迎</h1>""}","{""html"": ""<br><h1>ยินดีต้อนรับ</h1>""}"
323,html_translation.json,"Translate text in this HTML from Chinese to Thai, keeping all tags unchanged (answer in string format):","**content** <a title=""更多"">查看更多</a>","**content** <a title=""เพิ่มเติม"">ดูเพิ่มเติม</a>"
324,html_translation.json,"Translate text in this HTML from Chinese to Thai, keeping all tags unchanged (answer in json format):","{""html"": ""**data** <span aria-label=\""电话\"">打电话</span>""}","{""html"": ""**data** <span aria-label=\""โทรศัพท์\"">โทร</span>""}"
325,html_translation.json,"Translate text in this HTML from Chinese to Thai, keeping all tags unchanged (answer in string format):","B.<div title=""用户"">新用户</div>","B.<div title=""ผู้ใช้"">ผู้ใช้ใหม่</div>"
326,html_translation.json,"Translate text in this HTML from Chinese to Thai, keeping all tags unchanged (answer in json format):","{""html"": ""<script></script><footer>版权所有</footer>""}","{""html"": ""<script></script><footer>ลิขสิทธิ์</footer>""}"
327,html_translation.json,"Translate text in this HTML from Chinese to Thai, keeping all tags unchanged (answer in string format):",**content here**<label>密码</label>,**content here**<label>รหัสผ่าน</label>
328,html_translation.json,"Translate text in this HTML from Chinese to Thai, keeping all tags unchanged (answer in json format):","{""html"": ""New<br/> <strong>重要</strong>""}","{""html"": ""New<br/> <strong>สำคัญ</strong>""}"
329,summarization_01.json,"Summarize the following Chinese passage (~200 words) into Chinese (~40-80 words), then translate the summary into Thai:",近年来，人工智能技术在全球范围内得到了快速发展。从语音助手到自动驾驶汽车，AI 正逐渐改变人们的生活方式。在医疗领域，人工智能能够帮助医生快速分析影像，提高诊断效率；在教育领域，智能教学系统根据学生的学习习惯提供个性化的课程。然而，AI 的普及也带来了争议，例如数据隐私保护、就业岗位流失等问题。专家指出，建立健全的法律和伦理规范，将有助于人工智能更好地服务于社会发展。,"{'chinese_summary': '人工智能快速发展并应用于医疗和教育，但也带来隐私和就业挑战，需要法律与伦理规范。', 'thai_translation': 'AI พัฒนาอย่างรวดเร็วและถูกใช้ในด้านการแพทย์และการศึกษา แต่ก็ก่อให้เกิดปัญหาความเป็นส่วนตัวและการจ้างงาน จึงควรมีกฎหมายและจริยธรรมกำกับ'}"
330,summarization_01.json,"Summarize the following Chinese passage (~200 words) into Chinese (~40-80 words), then translate the summary into Thai:",气候变化已经成为全球最严峻的挑战之一。科学研究表明，自工业革命以来，地球的平均气温上升了超过1摄氏度。这种变化导致冰川融化、海平面上升以及极端天气的频繁发生。非洲一些国家面临干旱，亚洲一些地区则频繁发生洪水和台风。各国政府通过《巴黎协定》承诺减少碳排放，同时积极发展风能、太阳能等可再生能源。公众也逐渐意识到环保的重要性，开始减少一次性塑料制品的使用。文章强调，只有全球合作和全民参与，才能有效应对气候危机。,"{'chinese_summary': '气候变化造成干旱和洪水，各国通过《巴黎协定》合作减排，公众也开始重视环保。', 'thai_translation': 'การเปลี่ยนแปลงสภาพภูมิอากาศทำให้เกิดภัยแล้งและน้ำท่วม หลายประเทศร่วมมือกันลดคาร์บอนผ่านข้อตกลงปารีส และประชาชนก็เริ่มใส่ใจสิ่งแวดล้อมมากขึ้น'}"
331,summarization_01.json,"Summarize the following Chinese passage (~200 words) into Chinese (~40-80 words), then translate the summary into Thai:",长城是中国古代最伟大的防御工程之一，全长超过两万公里，跨越多个省份。它最初修建的目的是抵御北方游牧民族的入侵，但随着历史的发展，长城逐渐成为文化与交流的象征。如今，长城已被联合国教科文组织列为世界文化遗产，每年吸引数百万游客前来参观。然而，风雨侵蚀和人类活动对长城的保护带来了巨大挑战。保护和修复长城，已经成为中国文化遗产保护工作的重要组成部分。,"{'chinese_summary': '长城是古代防御工程，也是文化象征，如今是世界遗产，保护面临挑战。', 'thai_translation': 'กำแพงเมืองจีนเป็นสิ่งก่อสร้างป้องกันในอดีตและเป็นสัญลักษณ์ทางวัฒนธรรม ปัจจุบันเป็นมรดกโลก แต่การปกป้องยังเผชิญความท้าทาย'}"
332,summarization_01.json,"Summarize the following Chinese passage (~200 words) into Chinese (~40-80 words), then translate the summary into Thai:",近年来，数字货币逐渐进入人们的视野。比特币、以太坊等虚拟货币不仅成为投资工具，还在部分地区被用于支付。区块链技术的兴起为金融行业带来了新的可能性。但同时，数字货币的价格剧烈波动，监管体系的不完善也引发了风险。一些国家选择全面禁止，另一些国家则积极探索相关技术的应用。文章认为，未来数字货币的发展需要在创新与监管之间找到平衡。,"{'chinese_summary': '数字货币带来新机遇，但价格波动和监管不足造成风险，需要平衡创新与监管。', 'thai_translation': 'สกุลเงินดิจิทัลสร้างโอกาสใหม่ แต่ราคาผันผวนและการขาดการกำกับดูแลก่อให้เกิดความเสี่ยง จึงต้องหาสมดุลระหว่างนวัตกรรมและการกำกับ'}"
333,summarization_01.json,"Summarize the following Chinese passage (~200 words) into Chinese (~40-80 words), then translate the summary into Thai:",随着航天技术的发展，中国在太空探索领域取得了显著成就。嫦娥探测器成功登月，天问探测器抵达火星，这些成就标志着中国在深空探测领域迈出了重要步伐。中国的空间站建设也在稳步推进，为长期太空任务提供了平台。文章指出，太空探索不仅是科技实力的体现，也是人类共同的事业。未来，国际合作将在深空探测中发挥更加重要的作用。,"{'chinese_summary': '中国在月球和火星探索取得突破，空间站建设推进，太空探索需国际合作。', 'thai_translation': 'จีนสำรวจดวงจันทร์และดาวอังคารสำเร็จ พร้อมสร้างสถานีอวกาศ การสำรวจอวกาศจำเป็นต้องอาศัยความร่วมมือระดับนานาชาติ'}"
334,summarization_01.json,"Summarize the following Thai passage (~200 words) into Thai (~40-80 words), then translate the summary into Chinese:",ประเทศไทยกำลังเผชิญกับปัญหาฝุ่นละออง PM2.5 ที่รุนแรงมากขึ้น โดยเฉพาะในช่วงฤดูแล้งที่มีการเผาป่าและการเกษตร ปัญหานี้ส่งผลกระทบต่อสุขภาพของประชาชนอย่างกว้างขวาง โรงเรียนหลายแห่งต้องหยุดการเรียนการสอน และโรงพยาบาลมีผู้ป่วยโรคทางเดินหายใจเพิ่มขึ้นอย่างต่อเนื่อง รัฐบาลได้ออกมาตรการห้ามเผาในที่โล่ง รวมถึงรณรงค์ให้ประชาชนลดการใช้รถยนต์ส่วนตัว อย่างไรก็ตาม ผู้เชี่ยวชาญชี้ว่า การแก้ไขปัญหานี้ต้องอาศัยความร่วมมือของทุกภาคส่วนอย่างจริงจัง,"{'thai_summary': 'ประเทศไทยมีปัญหาฝุ่น PM2.5 กระทบสุขภาพ รัฐออกมาตรการห้ามเผา แต่ต้องการความร่วมมือจากทุกภาคส่วน', 'chinese_translation': '泰国面临严重的PM2.5污染，政府采取禁烧措施，但需要全民合作'}"
335,summarization_01.json,"Summarize the following Thai passage (~200 words) into Thai (~40-80 words), then translate the summary into Chinese:",การท่องเที่ยวเป็นภาคเศรษฐกิจหลักของไทย เมืองยอดนิยมอย่างกรุงเทพฯ เชียงใหม่ และภูเก็ต ดึงดูดนักท่องเที่ยวจากทั่วโลก เทศกาลสงกรานต์และลอยกระทงก็เป็นเสน่ห์สำคัญที่ทำให้นักท่องเที่ยวประทับใจ อย่างไรก็ตาม การพึ่งพาการท่องเที่ยวมากเกินไปทำให้เศรษฐกิจไทยเปราะบางต่อปัจจัยภายนอก เช่น โรคระบาดและวิกฤตเศรษฐกิจโลก นักเศรษฐศาสตร์จึงเสนอให้ไทยพัฒนาภาคการผลิตและเทคโนโลยีควบคู่ไปด้วย,"{'thai_summary': 'การท่องเที่ยวสร้างรายได้สูง แต่ไทยควรพัฒนาภาคอื่นเพื่อลดความเสี่ยงจากการพึ่งพามากเกินไป', 'chinese_translation': '旅游业为泰国带来高收入，但过度依赖使经济脆弱，需发展其他产业'}"
336,summarization_01.json,"Summarize the following Thai passage (~200 words) into Thai (~40-80 words), then translate the summary into Chinese:",เทคโนโลยีดิจิทัลกำลังเปลี่ยนแปลงวิถีชีวิตของคนไทย สมาร์ทโฟน อินเทอร์เน็ตความเร็วสูง และโซเชียลมีเดีย ทำให้ผู้คนสามารถเข้าถึงข้อมูล ข่าวสาร และความบันเทิงได้ทุกที่ทุกเวลา ธุรกิจจำนวนมากหันมาใช้แพลตฟอร์มออนไลน์ในการค้าขาย ส่งผลให้การเติบโตของอีคอมเมิร์ซและฟินเทคเพิ่มขึ้น แต่ในขณะเดียวกัน ความเสี่ยงด้านความปลอดภัยไซเบอร์และการละเมิดข้อมูลส่วนบุคคลก็เพิ่มขึ้นตามมา,"{'thai_summary': 'เทคโนโลยีดิจิทัลช่วยชีวิตสะดวกขึ้นและธุรกิจเติบโต แต่เสี่ยงต่อความปลอดภัยไซเบอร์', 'chinese_translation': '数字技术便利生活并推动商业发展，但带来网络安全风险'}"
337,summarization_01.json,"Summarize the following Chinese passage (~200 words) into Chinese (~40–80 words), then translate the summary into Thai:",多所学校引入自适应学习系统，根据学生数据调整教学节奏。专家认为，AI不能替代教师，但能显著提升诊断效率。家长担心数据隐私，教育部门出台了分级授权与脱敏标准。教师通过平台获取班级学习画像，以便个性化辅导。同时也出现了城乡资源差异扩大的隐忧，需要公共投入。一年内，平台为超过30万名学生提供题目推荐与错因分析。,"{'chinese_summary': '本篇聚焦AI进入课堂的实践。自适应系统与数据画像提升教学效率，但隐私与城乡差异成为新议题，需制度与公共投入并举。', 'thai_translation': 'บทความกล่าวถึงการใช้ AI ในห้องเรียน ช่วยเพิ่มประสิทธิภาพการสอน แต่ต้องคำนึงถึงความเป็นส่วนตัวและความเหลื่อมล้ำเมือง-ชนบท จึงต้องมีมาตรการและงบสาธารณะร่วมกัน'}"
338,summarization_01.json,"Summarize the following Chinese passage (~200 words) into Chinese (~40–80 words), then translate the summary into Thai:",电网侧储能项目开始商业化，削峰填谷效果明显。地方政府提出到2030年可再生能源占比达到10%。企业通过绿电交易获得碳减排收益。南京附近新建的风电与光伏基地在2019年并网发电。居民屋顶光伏的并网流程被简化，装机成本逐年下降。传统煤电机组实施灵活性改造，以适应波动性电源。,"{'chinese_summary': '地区推进风光并网与储能商业化，居民屋顶光伏增长显著。转型减少碳排放，同时面临成本与电网适配挑战。', 'thai_translation': 'ภูมิภาคเร่งเชื่อมต่อพลังงานลม-แสงอาทิตย์และเริ่มใช้ระบบกักเก็บไฟฟ้า การติดตั้งโซลาร์บนหลังคาเติบโต ลดคาร์บอนแต่ยังท้าทายเรื่องต้นทุนและการปรับตัวของโครงข่าย'}"
339,summarization_01.json,"Summarize the following Chinese passage (~200 words) into Chinese (~40–80 words), then translate the summary into Thai:",票价优惠与换乘积分刺激市民放弃私家车。噪音与拥挤问题仍需分时调度与车辆增配来缓解。高峰时段公交专用道缩短通勤时间约12%。南京地铁新线在2021年开通，串联科研园区与老城区。交通部门发布开放数据，供企业开发路线规划服务。公共自行车网点扩容，形成“地铁+慢行”的复合出行。,"{'chinese_summary': '新线开通与慢行系统改善通勤效率，叠加票价激励引导绿色出行。但噪音、拥挤与数据治理仍待优化。', 'thai_translation': 'เส้นทางใหม่และระบบเดิน-ปั่นช่วยให้การเดินทางมีประสิทธิภาพขึ้น พร้อมแรงจูงใจค่าตั๋วสนับสนุนการเดินทางสีเขียว แต่ยังต้องแก้ปัญหาเสียงดัง ความแออัด และธรรมาภิบาลข้อมูล'}"
340,summarization_01.json,"Summarize the following Chinese passage (~200 words) into Chinese (~40–80 words), then translate the summary into Thai:",太空望远镜的巡天计划让更多青年学者参与。舆论呼吁把科学开放与安全可控结合起来。各国讨论建立更统一的任务命名和数据标准。2020年，月面矿物样品的开放申请吸引了40个研究机构。多国科研团队共享深空探测数据，联合发布观测成果。,"{'chinese_summary': '深空科学强调数据共享与标准统一，多国协作拓展前沿研究。开放与安全需同步考量。', 'thai_translation': 'วิทยาศาสตร์อวกาศลึกเน้นการแบ่งปันข้อมูลและมาตรฐานร่วม ความร่วมมือพหุชาติขยายแนวหน้าวิจัย แต่ต้องพิจารณาความปลอดภัยควบคู่'}"
341,summarization_01.json,"Summarize the following Chinese passage (~200 words) into Chinese (~40–80 words), then translate the summary into Thai:",企事业单位推广“工间活动”，缓解久坐问题。城市步道总里程新增12公里，适合慢跑与骑行。社区体育中心延长开放时间，提供低价课程。研究显示，适量运动与心理健康呈正相关。赛事志愿者体系也吸引更多市民参与。,"{'chinese_summary': '公共设施与赛事体系带动运动参与度上升，身心健康收益明显。', 'thai_translation': 'ศูนย์กีฬาและกิจกรรมอาสาช่วยเพิ่มการออกกำลังกายของประชาชน ส่งผลดีต่อกายและใจ'}"
342,summarization_01.json,"Summarize the following Chinese passage (~200 words) into Chinese (~40–80 words), then translate the summary into Thai:",企业通过绿电交易获得碳减排收益。电网侧储能项目开始商业化，削峰填谷效果明显。北京附近新建的风电与光伏基地在2023年并网发电。居民屋顶光伏的并网流程被简化，装机成本逐年下降。传统煤电机组实施灵活性改造，以适应波动性电源。地方政府提出到2030年可再生能源占比达到20%。,"{'chinese_summary': '地区推进风光并网与储能商业化，居民屋顶光伏增长显著。转型减少碳排放，同时面临成本与电网适配挑战。', 'thai_translation': 'ภูมิภาคเร่งเชื่อมต่อพลังงานลม-แสงอาทิตย์และเริ่มใช้ระบบกักเก็บไฟฟ้า การติดตั้งโซลาร์บนหลังคาเติบโต ลดคาร์บอนแต่ยังท้าทายเรื่องต้นทุนและการปรับตัวของโครงข่าย'}"
343,summarization_01.json,"Summarize the following Chinese passage (~200 words) into Chinese (~40–80 words), then translate the summary into Thai:",高峰时段公交专用道缩短通勤时间约12%。交通部门发布开放数据，供企业开发路线规划服务。噪音与拥挤问题仍需分时调度与车辆增配来缓解。公共自行车网点扩容，形成“地铁+慢行”的复合出行。成都地铁新线在2019年开通，串联科研园区与老城区。票价优惠与换乘积分刺激市民放弃私家车。,"{'chinese_summary': '新线开通与慢行系统改善通勤效率，叠加票价激励引导绿色出行。但噪音、拥挤与数据治理仍待优化。', 'thai_translation': 'เส้นทางใหม่และระบบเดิน-ปั่นช่วยให้การเดินทางมีประสิทธิภาพขึ้น พร้อมแรงจูงใจค่าตั๋วสนับสนุนการเดินทางสีเขียว แต่ยังต้องแก้ปัญหาเสียงดัง ความแออัด และธรรมาภิบาลข้อมูล'}"
344,summarization_01.json,"Summarize the following Chinese passage (~200 words) into Chinese (~40–80 words), then translate the summary into Thai:",保护与活化之间，需要更细致的政策平衡。文创品牌与电商合作，扩大受众与销售渠道。也有人担心过度商业化稀释了工艺的文化内涵。一年内，线下工作坊接待游客超过30万人次。老匠人将工序数字化，记录图样与天然染料配比。广州设立了非遗传习所，邀请年轻人学习传统染织。,"{'chinese_summary': '传统工艺通过数字化与电商实现活化，吸引年轻人参与。商业化增量与文化内涵之间需要稳妥平衡。', 'thai_translation': 'งานหัตถกรรมดั้งเดิมถูกฟื้นชีวิตด้วยดิจิทัลและอีคอมเมิร์ซ ดึงคนรุ่นใหม่เข้าร่วม ต้องรักษาสมดุลระหว่างการค้าและคุณค่าทางวัฒนธรรม'}"
345,summarization_01.json,"Summarize the following Chinese passage (~200 words) into Chinese (~40–80 words), then translate the summary into Thai:",多国科研团队共享深空探测数据，联合发布观测成果。舆论呼吁把科学开放与安全可控结合起来。2024年，月面矿物样品的开放申请吸引了30个研究机构。各国讨论建立更统一的任务命名和数据标准。太空望远镜的巡天计划让更多青年学者参与。,"{'chinese_summary': '深空科学强调数据共享与标准统一，多国协作拓展前沿研究。开放与安全需同步考量。', 'thai_translation': 'วิทยาศาสตร์อวกาศลึกเน้นการแบ่งปันข้อมูลและมาตรฐานร่วม ความร่วมมือพหุชาติขยายแนวหน้าวิจัย แต่ต้องพิจารณาความปลอดภัยควบคู่'}"
346,summarization_01.json,"Summarize the following Chinese passage (~200 words) into Chinese (~40–80 words), then translate the summary into Thai:",接种完成后，重症率下降约15%。2019年冬季，当地基层医院建立发热哨点网络。平台推送不良反应监测报告，提升透明度。医生提醒，健康教育与生活方式干预同样重要。移动接种车开进社区，提高老年人覆盖率。,"{'chinese_summary': '基层监测与移动接种提升覆盖，重症率下降。公共沟通与生活方式干预同样关键。', 'thai_translation': 'เครือข่ายติดตามและรถฉีดวัคซีนเคลื่อนที่เพิ่มความครอบคลุม อัตราป่วยรุนแรงลดลง และยังต้องสื่อสารสาธารณะกับปรับพฤติกรรมสุขภาพ'}"
347,summarization_01.json,"Summarize the following Chinese passage (~200 words) into Chinese (~40–80 words), then translate the summary into Thai:",合作社组织农户学习直播带货，提高议价能力。快递网络延伸到乡镇，退换货体验接近城市。北京周边的县域建立冷链仓，解决生鲜跨省运输难题。村里也开展数字素养课程，防范网络诈骗。当地优质农产品上行，平均溢价50%。,"{'chinese_summary': '冷链、直播与快递下沉推动农产品上行，收入改善。并行开展数字素养教育以降低风险。', 'thai_translation': 'ห่วงโซ่เย็น ไลฟ์สด และขนส่งพัสดุที่ลงสู่ชนบท ช่วยผลักดันสินค้าเกษตรขึ้นแพลตฟอร์ม รายได้ดีขึ้น พร้อมสอนทักษะดิจิทัลลดความเสี่ยง'}"
348,summarization_01.json,"Summarize the following Chinese passage (~200 words) into Chinese (~40–80 words), then translate the summary into Thai:",夜间限流与预约机制将人流密度降低50%。导览系统加入无障碍路径与多语种解说。周边居民参与共治，避免“景区化”挤压日常生活。西安古城墙修缮工程采用“最小干预”原则。三维扫描建立高精度模型，便于结构评估。,"{'chinese_summary': '以最小干预修缮古迹，三维建模与限流并用，兼顾游览体验与社区生活。', 'thai_translation': 'บูรณะโบราณสถานแบบแทรกแซงน้อย ผสานจำลองสามมิติกับการจำกัดคนเข้า ช่วยรักษาทั้งประสบการณ์ท่องเที่ยวและชีวิตชุมชน'}"
349,summarization_01.json,"Summarize the following Chinese passage (~200 words) into Chinese (~40–80 words), then translate the summary into Thai:",城市通过分区压降与再生水回用稳定供水。跨流域调水方案引发生态影响评估的讨论。公众响应节水倡议，安装节水器具并减少浪费。农业采用滴灌与耐旱品种，提升水分利用效率。2019年，上海经历了罕见干旱，水库蓄水率一度降至历史低位。,"{'chinese_summary': '城市分区供水与农业节水协同推进，公众参与增强。跨流域调水需充分评估生态影响。', 'thai_translation': 'เมืองจัดการน้ำแบบแบ่งเขตและใช้ซ้ำน้ำควบคู่ เกษตรปรับระบบให้น้ำ คนทั่วไปมีส่วนร่วม ขณะที่โครงการผันน้ำต้องประเมินผลกระทบสิ่งแวดล้อม'}"
350,summarization_01.json,"Summarize the following Thai passage (~200 words) into Thai (~40–80 words), then translate the summary into Chinese:",คลินิกชุมชนกว่า 8 แห่งเชื่อมโยงข้อมูลกับโรงพยาบาลศูนย์ อย่างไรก็ดี ประเด็นความเป็นส่วนตัวของข้อมูลต้องได้รับการกำกับที่ชัดเจน โรงพยาบาลในจังหวัดชลบุรีเริ่มใช้ระบบเวชระเบียนอิเล็กทรอนิกส์มาตั้งแต่ปี 2024 มีการเพิ่มคลินิกทางไกลเพื่อลดความแออัดและค่าเดินทาง แพทย์สามารถเข้าถึงประวัติการรักษาและผลตรวจได้รวดเร็วขึ้น หน่วยงานรัฐจึงออกแนวทางการเข้าถึงและการให้ความยินยอมของผู้ป่วย,"{'thai_summary': 'โรงพยาบาลและคลินิกเชื่อมโยงข้อมูลสุขภาพ เพิ่มบริการทางไกล เร็วขึ้นแต่ต้องคุมมาตรฐานความเป็นส่วนตัวและการยินยอม', 'chinese_translation': '医院与社区诊所实现数据互联，远程医疗提升效率，但需强化隐私与同意的规范。'}"
351,summarization_01.json,"Summarize the following Thai passage (~200 words) into Thai (~40–80 words), then translate the summary into Chinese:",สตูดิโอขนาดเล็กได้รับทุนบ่มเพาะเพื่อพัฒนาผลงาน มหาวิทยาลัยเปิดหลักสูตรร่วมกับเอกชนเพื่อผลิตบุคลากรตรงความต้องการ เทศกาลศิลปะประจำปีดึงดูดนักท่องเที่ยวและชุมชนผู้สร้าง เมืองชลบุรีผลักดันอุตสาหกรรมดิจิทัลคอนเทนต์และงานออกแบบ อย่างไรก็ตาม พื้นที่สร้างสรรค์ยังขาดโครงสร้างพื้นฐานบางด้าน ยอดขายสินค้าดีไซน์เติบโตเฉลี่ย 8% ต่อปี,"{'thai_summary': 'เมืองผลักดันเศรษฐกิจสร้างสรรค์ผ่านทุนบ่มเพาะ เทศกาลศิลปะ และหลักสูตรร่วม รายได้เติบโตแต่ยังขาดโครงสร้างพื้นฐานบางด้าน', 'chinese_translation': '城市通过孵化基金、艺术节与产学合作推动创意经济，收入增长但基础设施仍不足。'}"
352,summarization_01.json,"Summarize the following Thai passage (~200 words) into Thai (~40–80 words), then translate the summary into Chinese:",เทศบาลเมืองขอนแก่นเริ่มโครงการคัดแยกขยะที่ต้นทางโดยชุมชน โครงการเน้นการสื่อสารอย่างต่อเนื่องมากกว่าแคมเปญระยะสั้น โรงเรียนจัดคาบเรียนสิ่งแวดล้อมให้เด็ก ๆ เรียนรู้เรื่องรีไซเคิล มีการติดตั้งถังแยกประเภทและให้ส่วนลดค่าธรรมเนียมกับครัวเรือนต้นแบบ ปริมาณขยะที่ต้องฝังกลบลดลง 10% ภายในหนึ่งปี อย่างไรก็ตาม ขยะอาหารยังเป็นสัดส่วนสูง จึงทดลองทำปุ๋ยอินทรีย์,"{'thai_summary': 'ชุมชนคัดแยกขยะที่ต้นทาง โรงเรียนสอนรีไซเคิล ปริมาณฝังกลบลดลง แต่ต้องจัดการขยะอาหารและสื่อสารต่อเนื่อง', 'chinese_translation': '社区源头分类与校园环保教育使填埋量下降，但餐厨垃圾与持续沟通仍是难点。'}"
353,summarization_01.json,"Summarize the following Thai passage (~200 words) into Thai (~40–80 words), then translate the summary into Chinese:",นักท่องเที่ยวได้ประสบการณ์เชิงเรียนรู้มากกว่าการเช็กอินถ่ายรูป ชุมชนท้องถิ่นกว่า 10 ครัวเรือนเข้าร่วมโฮมสเตย์มาตรฐาน รายได้ส่วนหนึ่งนำไปกองทุนอนุรักษ์สัตว์และป่าไม้ อุทยานใกล้อุดรธานีพัฒนาเส้นทางศึกษาธรรมชาติพร้อมระบบจองล่วงหน้า จำกัดนักท่องเที่ยวตามความจุพื้นที่เพื่อลดผลกระทบ มีการฝึกไกด์ชุมชนให้เล่าเรื่องความหลากหลายทางชีวภาพ,"{'thai_summary': 'อุทยานจำกัดนักท่องเที่ยวตามความจุ ส่งรายได้กลับสู่ชุมชน และพัฒนาไกด์ท้องถิ่น เน้นประสบการณ์เรียนรู้', 'chinese_translation': '公园实施容量控制与社区分红，培养本地向导，强调学习型旅游体验。'}"
354,summarization_01.json,"Summarize the following Thai passage (~200 words) into Thai (~40–80 words), then translate the summary into Chinese:",มีการจัดงานเดิน-วิ่งชุมชนอย่างน้อย 10 ครั้งต่อปี กิจกรรมอาสาฯ ด้านกีฬาช่วยเชื่อมความสัมพันธ์ของชุมชน งานวิจัยพบว่าผู้ใช้เส้นทางสีเขียวมีภาวะเครียดลดลง บริษัทท้องถิ่นเริ่มโครงการส่งเสริมการเคลื่อนไหวระหว่างทำงาน องค์การปกครองส่วนท้องถิ่นในภูเก็ตปรับปรุงลู่วิ่งและทางปั่นจักรยาน สถานที่ออกกำลังกายเปิดยาวขึ้นในช่วงเย็น,"{'thai_summary': 'โครงสร้างพื้นฐานสีเขียวและกิจกรรมชุมชนหนุนให้คนออกกำลังกาย ลดความเครียดและเชื่อมความสัมพันธ์', 'chinese_translation': '绿道与社群活动提升运动参与，缓解压力并增强邻里关系。'}"
355,summarization_01.json,"Summarize the following Thai passage (~200 words) into Thai (~40–80 words), then translate the summary into Chinese:",ผู้สูงอายุกว่า 20% เข้าร่วมกิจกรรมอย่างสม่ำเสมอ อย่างไรก็ดี ยังต้องสนับสนุนอินเทอร์เน็ตความเร็วสูงในชุมชนห่างไกล ห้องสมุดประชาชนในสงขลาปรับปรุงเป็นพื้นที่เรียนรู้ร่วมสมัย มีคอร์สสั้นด้านดิจิทัล การเงิน และทักษะอาชีพ อาสาสมัครครูช่วยสอนการใช้สมาร์ทโฟนและบริการรัฐออนไลน์ แพลตฟอร์มออนไลน์เปิดโอกาสให้เรียนข้ามพื้นที่,"{'thai_summary': 'ห้องสมุดปรับเป็นศูนย์เรียนรู้ เปิดคอร์สดิจิทัลและการเงิน ผู้สูงอายุเข้าร่วมมากขึ้น แต่ชนบทยังต้องพัฒนาอินเทอร์เน็ต', 'chinese_translation': '公共图书馆转型为学习中心，开设数字与理财课程，老年参与度上升，但乡村网络仍需建设。'}"
356,summarization_01.json,"Summarize the following Thai passage (~200 words) into Thai (~40–80 words), then translate the summary into Chinese:",ข้อมูลสภาพอากาศเปิดเผยให้เกษตรกรวางแผนล่วงหน้า เกษตรกรในอำเภอใกล้ชลบุรีนำเซนเซอร์ความชื้นดินมาใช้ควบคุมน้ำ สหกรณ์ทดลองปลูกพืชทนแล้งได้ผลผลิตเพิ่มขึ้น 40% ความท้าทายคือเงินลงทุนเริ่มต้นและทักษะดิจิทัล โดรนสำรวจช่วยตรวจโรคพืชและประมาณผลผลิต ตลาดออนไลน์ช่วยให้เข้าถึงผู้บริโภคในเมืองโดยตรง,"{'thai_summary': 'เกษตรกรใช้เซนเซอร์ โดรน และข้อมูลอากาศ เพิ่มผลผลิตและเข้าถึงผู้บริโภคโดยตรง แต่ติดข้อจำกัดทุนและทักษะ', 'chinese_translation': '传感器、无人机与气象数据提高产量并直连消费者，但初始资金与技能是挑战。'}"
357,summarization_01.json,"Summarize the following Thai passage (~200 words) into Thai (~40–80 words), then translate the summary into Chinese:",โครงการเปิดโอกาสให้คนในชุมชนร่วมเป็นเจ้าของ หมู่บ้านในจังหวัดขอนแก่นติดตั้งแผงโซลาร์ชุมชนและแบตเตอรี่สำรอง ค่าไฟเฉลี่ยของครัวเรือนลดลง 5% โรงเรียนและศูนย์สุขภาพใช้ไฟสะอาดเสริมความมั่นคง ต้องมีการบำรุงรักษาและบริหารจัดการอย่างโปร่งใส รายได้จากการขายไฟส่วนหนึ่งเข้ากองทุนสาธารณะ,"{'thai_summary': 'โซลาร์ชุมชนลดค่าไฟและสร้างกองทุนสาธารณะ เสริมความมั่นคงไฟฟ้า ต้องบริหารโปร่งใสและบำรุงรักษาต่อเนื่อง', 'chinese_translation': '社区光伏降低电费并设立公益基金，提升供电韧性，需透明运营与维护。'}"
358,summarization_01.json,"Summarize the following Thai passage (~200 words) into Thai (~40–80 words), then translate the summary into Chinese:",ผู้เข้าร่วมได้ฝึกหายใจและการฟังอย่างลึกซึ้งผ่านเสียงเพลง กิจกรรมศิลปะช่วยให้ผู้สูงอายุสื่อสารอารมณ์และความทรงจำ ศูนย์ชุมชนในอุดรธานีจัดเวิร์กช็อปดนตรีเพื่อสุขภาวะจิต นักกายภาพใช้จังหวะเพื่อส่งเสริมการเคลื่อนไหว มีการฝึกอบรมผู้นำกิจกรรมเพื่อขยายผลในโรงเรียน งานวิจัยท้องถิ่นพบว่าความวิตกกังวลลดลงอย่างมีนัยสำคัญ,"{'thai_summary': 'กิจกรรมดนตรีและศิลปะช่วยลดความวิตกกังวล ส่งเสริมการเคลื่อนไหว และขยายผลสู่โรงเรียน', 'chinese_translation': '音乐与艺术活动缓解焦虑，促进肢体运动，并推广至校园。'}"
359,summarization_01.json,"Summarize the following Thai passage (~200 words) into Thai (~40–80 words), then translate the summary into Chinese:",ฟุตบาทปรับปรุงให้ปลอดภัยและรองรับผู้ใช้รถเข็น ยังต้องจัดการที่จอดรถและการขนส่งสินค้าช่วงกลางคืน ย่านเก่าถูกฟื้นฟูด้วยกติกาการใช้พื้นที่แบบผสม จำนวนคนเดินเท้าเพิ่มขึ้น 12% ตามการนับด้วยเซนเซอร์ ร้านค้าเล็ก ๆ กลับมาคึกคัก ชุมชนมีปฏิสัมพันธ์มากขึ้น เชียงใหม่เริ่มปรับผังเมืองให้เอื้อต่อการเดินและขนส่งสาธารณะ,"{'thai_summary': 'การปรับผังเมืองให้เดินได้เพิ่มผู้เดินเท้า ฟื้นย่านเก่า เสริมชุมชน แต่ยังต้องจัดการที่จอดรถและขนส่งสินค้า', 'chinese_translation': '步行友好型规划提高行人数量，活化旧街区与社区，但停车与夜间物流仍需管理。'}"
360,summarization_long.json,Summarize the following Chinese text in Thai within 2–3 sentences:,在一个偏远的农村，有一个少年从小目睹了家乡人们的生活困境，尤其是医疗条件的匮乏。他出生在普通农民家庭，父母辛勤耕作，却无力提供更好的生活条件。然而，这位少年心中有一个远大的梦想——成为一名医生，为村里的人带去健康与希望。自幼起，他便刻苦学习，经常在昏暗的灯光下读书到深夜。凭着坚定的信念和不懈的努力，他顺利考入医学院。在那里，他不仅专心听讲、钻研医学知识，还积极参与临床实践，积累了丰富的经验。他认真对待每一次与病人的接触，努力把理论知识转化为实际技能。除此之外，他还热心公益，参与多项志愿服务，为偏远地区的居民提供免费的医疗帮助。他深信，医学不仅是治病救人，更是一份责任与使命。每一次帮助病人，都让他更加坚定了服务他人的信念。如今，这位年轻医生的成长故事，是坚持与奉献的真实写照。从农村少年到服务社区的医生，他的经历证明了，只要有梦想并付诸行动，就能改变自己，也能为更多人带来希望和温暖,บทความนี้เล่าเรื่องราวของแพทย์หนุ่มที่เติบโตในครอบครัวชาวนาในชนบท แม้ชีวิตยากลำบากแต่เขามีความฝันอยากช่วยเหลือผู้คน เขาตั้งใจเรียนจนสอบเข้าเรียนแพทย์และเข้าร่วมกิจกรรมอาสาเพื่อรักษาผู้ด้อยโอกาส มองว่าการแพทย์คือทั้งความรู้และความรับผิดชอบ
361,summarization_long.json,Summarize the following Chinese text in Thai within 2–3 sentences:,近年来，这座城市的发展速度令人瞩目。高楼大厦如雨后春笋般涌现，地铁线路不断延伸，公交系统也日趋完善，使市民的出行变得更加便捷。政府积极推进教育和医疗改革，新建了大量学校和医院，显著提升了整体生活质量。与此同时，城市在发展中注重环境保护，建设了许多公园和绿地，为居民提供了休闲和娱乐的空间，也改善了城市生态环境。城市面貌焕然一新，市民生活更加丰富多彩。然而，快速发展的背后也带来了一些挑战。交通拥堵问题依然突出，房价持续上涨，使部分居民的生活压力增大。专家提醒，在追求经济和基础设施发展的同时，必须兼顾社会公平与可持续发展，以确保城市长期健康稳定地前进。总体而言，这座城市正在经历着快速变革与调整。在不断提升生活便利和公共服务的同时，如何平衡发展与民生、经济与环境，将成为未来城市规划的重要课题。,บทความนี้กล่าวถึงการพัฒนาเมืองที่เติบโตอย่างรวดเร็ว มีตึกใหม่และระบบขนส่งสาธารณะที่ดีขึ้น รวมทั้งโรงเรียนและโรงพยาบาลที่เพิ่มขึ้น ทำให้คุณภาพชีวิตสูงขึ้น แต่ก็เกิดปัญหาการจราจรและราคาที่อยู่อาศัยที่แพงขึ้น จึงมีการเรียกร้องให้คำนึงถึงความยั่งยืนและความเป็นธรรม
362,summarization_long.json,Summarize the following Chinese text in Thai within 2–3 sentences:,这本书以一位科学家的自传为主线，讲述了他从童年起对科学的浓厚兴趣。小时候，他就喜欢在实验室里尝试各种实验，哪怕曾因一次化学实验失败引发小型火灾，也未曾让他退缩，反而激发了他探索未知的热情。进入大学后，他选择了物理专业，在导师的悉心指导下不断成长，逐渐成为一名优秀的研究者。他勤于钻研，勇于创新，先后发表了多篇具有影响力的学术论文，为科学领域贡献了重要成果。随后，他带领团队投身于新能源研究，取得了多项突破性进展，为可持续发展和人类福祉做出了积极贡献。科学家坚信科学的力量能够改变世界，他的研究不仅追求学术成就，更希望能够真正造福社会和人类。这本书通过他的人生经历，展现了执着追求、勇于探索的科研精神，同时也传递出科学能够改善生活、推动社会进步的信念。,หนังสือเล่มนี้เป็นอัตชีวประวัติของนักวิทยาศาสตร์ผู้หนึ่ง ที่หลงใหลวิทยาศาสตร์ตั้งแต่วัยเด็กและทำการทดลองมากมาย แม้เคยล้มเหลวแต่ยังมุ่งมั่น จนเติบโตเป็นนักวิจัยด้านฟิสิกส์และทำงานวิจัยด้านพลังงานใหม่ ๆ เพื่อประโยชน์ของมนุษยชาติ
363,summarization_long.json,Summarize the following Chinese text in Thai within 2–3 sentences:,在一次突如其来的大地震中，许多房屋倒塌，数千人失去了家园，灾情十分严重。面对紧急状况，政府迅速行动，组织救援队伍，派遣医护人员和志愿者前往灾区展开救援。大量食物、饮用水和药品等物资迅速运抵受灾地区，同时临时避难所也很快建立，为灾民提供了基本生活保障。与此同时，社会各界也积极参与救助。许多普通市民自发捐款捐物，为灾区提供支持和帮助。各方力量的共同努力，使救援工作得以高效推进，减轻了灾民的痛苦和压力。尽管地震造成了巨大的损失，但灾难中的团结与互助精神令人动容。人们在困境中互相扶持，共同面对挑战，也让社会看到了希望和温暖。这场灾难不仅考验了城市的应急能力，也彰显了人们在危机面前展现出的勇气、责任感和互助精神，成为一次关于坚韧与奉献的生动写照。,บทความกล่าวถึงเหตุการณ์แผ่นดินไหวครั้งใหญ่ที่ทำให้หลายคนไร้ที่อยู่อาศัย รัฐบาลและอาสาสมัครเข้าช่วยเหลือ ส่งอาหาร น้ำ และยารักษาโรค พร้อมสร้างที่พักชั่วคราว แม้จะเกิดความสูญเสียครั้งใหญ่ แต่ผู้คนยังคงช่วยเหลือกันและสร้างความหวัง
364,summarization_long.json,Summarize the following Chinese text in Thai within 2–3 sentences:,随着科技的迅猛发展，人工智能正逐渐融入人们的日常生活。从智能手机到智能家居，AI 技术改变了人们的工作和生活方式。许多企业借助人工智能进行数据分析、客户服务和流程优化，大大提升了工作效率和服务质量。然而，AI 的快速普及也引发了新的社会问题。部分人担心，人工智能可能取代大量传统岗位，导致失业率上升和就业结构变化。这种担忧促使社会各界思考如何在技术进步与社会稳定之间取得平衡。专家指出，除了推动技术发展外，更应注重教育与培训，使劳动力能够适应新的就业形势。通过提升技能、更新知识，人们可以更好地利用 AI 技术，创造新的职业机会和发展空间。总体而言，人工智能既带来便利与效率，也提出挑战与思考。只有在技术创新与社会发展并重的前提下，人们才能充分享受 AI 带来的红利，同时减少潜在的负面影响，实现可持续发展。,บทความนี้อธิบายการเข้ามาของปัญญาประดิษฐ์ในชีวิตประจำวัน ตั้งแต่มือถือไปจนถึงบ้านอัจฉริยะที่ช่วยเพิ่มประสิทธิภาพ แต่ก็มีความกังวลว่าจะทำให้เกิดการตกงานมากขึ้น ผู้เชี่ยวชาญจึงเสนอให้มีการศึกษาและฝึกอบรมเพิ่มเติมเพื่อรองรับการเปลี่ยนแปลง
365,summarization_long.json,Summarize the following Chinese text in Thai within 2–3 sentences:,这篇文章讲述了一位年轻医生的成长故事。他出生在偏远农村，父母都是普通农民，家庭条件十分艰苦。然而，从小他就立下了成为医生的梦想，希望能改善村民的健康状况。在求学过程中，他刻苦努力，经常在昏暗的灯光下学习到深夜。凭着坚定的信念，他考入了医学院。在大学里，他不仅认真听讲，掌握扎实的医学理论，还积极参与临床实践，积累了丰富的经验。每一次接触病人，都让他更加理解医学的责任与意义。除了学业，他还热心公益，参加多项志愿服务活动，为贫困地区的居民提供免费的医疗帮助。他深信，医学不仅是治病救人，更是一份责任与使命。如今，这位年轻医生的故事展现了坚持与奉献的力量。从农村少年到服务社会的医生，他用行动证明了梦想的价值，也诠释了医学的温暖与责任。他的经历不仅激励了身边的人，也传递出对生命、健康与社会的深切关怀。,บทความนี้เล่าเรื่องราวของแพทย์หนุ่มที่เติบโตในครอบครัวชาวนาในชนบท แม้ชีวิตยากลำบากแต่เขามีความฝันอยากช่วยเหลือผู้คน เขาตั้งใจเรียนจนสอบเข้าเรียนแพทย์และเข้าร่วมกิจกรรมอาสาเพื่อรักษาผู้ด้อยโอกาส มองว่าการแพทย์คือทั้งความรู้และความรับผิดชอบ
366,summarization_long.json,Summarize the following Chinese text in Thai within 2–3 sentences:,近年来，这座城市的发展速度令人瞩目。高楼大厦如雨后春笋般涌现，地铁线路和公交系统不断完善，使市民的出行更加便捷。政府大力推进教育和医疗改革，新建了大量学校和医院，显著提升了居民的生活质量。与此同时，城市在发展中注重环境保护，建设了许多公园和绿地，为市民提供休闲、娱乐和放松的空间，也改善了城市的生态环境。城市面貌焕然一新，居民的生活更加丰富多彩。然而，快速发展的同时也带来一些挑战。交通拥堵问题依然突出，房价持续上涨，使部分居民的生活压力加大。专家提醒，在追求经济和基础设施发展的同时，应关注社会公平和可持续性，确保城市能够长期健康发展。总体来看，这座城市正在经历快速变革与调整。在不断提升便利和公共服务的同时，如何平衡经济发展、民生需求与环境保护，将成为未来城市规划的重要课题。,บทความนี้กล่าวถึงการพัฒนาเมืองที่เติบโตอย่างรวดเร็ว มีตึกใหม่และระบบขนส่งสาธารณะที่ดีขึ้น รวมทั้งโรงเรียนและโรงพยาบาลที่เพิ่มขึ้น ทำให้คุณภาพชีวิตสูงขึ้น แต่ก็เกิดปัญหาการจราจรและราคาที่อยู่อาศัยที่แพงขึ้น จึงมีการเรียกร้องให้คำนึงถึงความยั่งยืนและความเป็นธรรม
367,summarization_long.json,Summarize the following Chinese text in Thai within 2–3 sentences:,这本书以一位科学家的自传为主线，讲述了他从小对科学的浓厚兴趣。中学时期，他常常在实验室里尝试各种实验，哪怕因一次化学实验失败引发小型火灾，也未曾让他退缩，反而激发了他探索未知的热情。进入大学后，他选择了物理专业，在导师的指导下不断成长，逐渐成为一名优秀的研究者。他勤奋钻研，先后发表多篇重要学术论文，为科学界贡献了宝贵成果。随后，他带领团队投身新能源研究，取得了突破性的进展，为可持续发展和人类福祉做出了积极贡献。科学家坚信科学的力量能够改变世界，他的研究不仅追求学术成就，更希望造福社会和人类。这本书通过他的成长经历，展现了执着追求、勇于探索的科研精神，同时也传递了科学能够改善生活、推动社会进步的信念。,หนังสือเล่มนี้เป็นอัตชีวประวัติของนักวิทยาศาสตร์ผู้หนึ่ง ที่หลงใหลวิทยาศาสตร์ตั้งแต่วัยเด็กและทำการทดลองมากมาย แม้เคยล้มเหลวแต่ยังมุ่งมั่น จนเติบโตเป็นนักวิจัยด้านฟิสิกส์และทำงานวิจัยด้านพลังงานใหม่ ๆ เพื่อประโยชน์ของมนุษยชาติ
368,summarization_long.json,Summarize the following Chinese text in Thai within 2–3 sentences:,一次突如其来的大地震，导致许多房屋倒塌，数千人失去家园，灾情十分严重。面对紧急情况，政府迅速行动，组织救援队伍，派遣医护人员和志愿者前往灾区展开救援。大量食物、饮用水和药品等物资迅速送达，同时临时避难所也很快建立，为灾民提供了基本生活保障。与此同时，社会各界积极参与救助。许多普通市民自发捐款捐物，为受灾群众提供帮助。各方力量的共同努力，使救援工作得以高效推进，减轻了灾民的痛苦。虽然地震造成了巨大的损失，但灾难中的团结与互助精神令人感动。人们在困境中互相扶持，共同面对挑战，也让社会看到了希望和温暖。这场灾难不仅考验了城市的应急能力，也彰显了人们在危机面前展现出的勇气、责任感和互助精神，成为一次关于坚韧与奉献的生动写照。,บทความกล่าวถึงเหตุการณ์แผ่นดินไหวครั้งใหญ่ที่ทำให้หลายคนไร้ที่อยู่อาศัย รัฐบาลและอาสาสมัครเข้าช่วยเหลือ ส่งอาหาร น้ำ และยารักษาโรค พร้อมสร้างที่พักชั่วคราว แม้จะเกิดความสูญเสียครั้งใหญ่ แต่ผู้คนยังคงช่วยเหลือกันและสร้างความหวัง
369,Error_01.json,"Identify errors in the Thai MT output of the Chinese tourism guide by tagging problematic words/phrases. Use [ERROR:type|explanation] after the incorrect part. Categories: Mistranslation, Omission, Addition, Grammar, Word choice, Named entity, Formatting.","{'source_text': '北京的故宫是必去的景点。', 'mt_output': 'พระราชวังต้องไปในปักกิ่ง'}",พระราชวัง[ERROR:Mistranslation|Incorrect translation of '故宫'] ต้องไปในปักกิ่ง
370,Error_01.json,"Identify errors in the Thai MT output of the Chinese tourism guide by tagging problematic words/phrases. Use [ERROR:type|explanation] after the incorrect part. Categories: Mistranslation, Omission, Addition, Grammar, Word choice, Named entity, Formatting.","{'source_text': '长城很长，也很壮观。', 'mt_output': 'กำแพงเมืองยาวมาก และยิ่งใหญ่'}",กำแพงเมือง[ERROR:Mistranslation|Incorrect translation of '长城'] ยาวมาก และยิ่งใหญ่
371,Error_01.json,"Identify errors in the Thai MT output of the Chinese tourism guide by tagging problematic words/phrases. Use [ERROR:type|explanation] after the incorrect part. Categories: Mistranslation, Omission, Addition, Grammar, Word choice, Named entity, Formatting.","{'source_text': '西湖的景色非常美丽。', 'mt_output': 'ทิวทัศน์ของทะเลสาบตะวันตกสวยมาก'}","ทะเลสาบตะวันตก[ERROR:Named entity|Direct translation of '西湖', should use the proper Thai name 'ซีหู'] ของ ทิวทัศน์สวยมาก"
372,Error_01.json,"Identify errors in the Thai MT output of the Chinese tourism guide by tagging problematic words/phrases. Use [ERROR:type|explanation] after the incorrect part. Categories: Mistranslation, Omission, Addition, Grammar, Word choice, Named entity, Formatting.","{'source_text': '上海的夜景非常迷人。', 'mt_output': 'ทิวทัศน์กลางคืนของเซี่ยงไฮ้มีเสน่ห์มาก'}",ทิวทัศน์กลางคืน[ERROR:Word choice|Better to use 'วิว' instead of 'ทิวทัศน์'] ของ เซี่ยงไฮ้มีเสน่ห์มาก
373,Error_01.json,"Identify errors in the Thai MT output of the Chinese tourism guide by tagging problematic words/phrases. Use [ERROR:type|explanation] after the incorrect part. Categories: Mistranslation, Omission, Addition, Grammar, Word choice, Named entity, Formatting.","{'source_text': '桂林的山水甲天下。', 'mt_output': 'ภูเขาและน้ำในกุ้ยหลิน'}",ภูเขาและน้ำในกุ้ยหลิน[ERROR:Omission|Missing the idiomatic expression '甲天下' which means 'the best in the world'] เป็นที่หนึ่งในโลก
374,Error_01.json,"Identify errors in the Thai MT output of the Chinese tourism guide by tagging problematic words/phrases. Use [ERROR:type|explanation] after the incorrect part. Categories: Mistranslation, Omission, Addition, Grammar, Word choice, Named entity, Formatting.","{'source_text': '天坛是北京著名的古迹。', 'mt_output': 'วัดสวรรค์เป็นโบราณสถานที่มีชื่อเสียงในปักกิ่ง'}","วัดสวรรค์[ERROR:Mistranslation|Incorrect translation of '天坛', should be 'เทียนถาน'] เป็นโบราณสถานที่มีชื่อเสียงในปักกิ่ง"
375,Error_01.json,"Identify errors in the Thai MT output of the Chinese tourism guide by tagging problematic words/phrases. Use [ERROR:type|explanation] after the incorrect part. Categories: Mistranslation, Omission, Addition, Grammar, Word choice, Named entity, Formatting.","{'source_text': '黄山的日出非常壮观。', 'mt_output': 'พระอาทิตย์ขึ้นของภูเขาสีเหลืองงดงามมาก'}","ภูเขาสีเหลือง[ERROR:Named entity|Direct translation of '黄山', should use proper Thai name 'หวงซาน']"
376,Error_01.json,"Identify errors in the Thai MT output of the Chinese tourism guide by tagging problematic words/phrases. Use [ERROR:type|explanation] after the incorrect part. Categories: Mistranslation, Omission, Addition, Grammar, Word choice, Named entity, Formatting.","{'source_text': '丽江古城保存完好，值得一游。', 'mt_output': 'เมืองเก่าลี่เจียงได้รับการอนุรักษ์ดี คุ้มค่าที่จะไปเยือน'}",เมืองเก่าลี่เจียง[ERROR:Word choice|Should be 'เมืองโบราณลี่เจียง']
377,Error_01.json,"Identify errors in the Thai MT output of the Chinese tourism guide by tagging problematic words/phrases. Use [ERROR:type|explanation] after the incorrect part. Categories: Mistranslation, Omission, Addition, Grammar, Word choice, Named entity, Formatting.","{'source_text': '西安的兵马俑非常有名。', 'mt_output': 'ทหารและม้าจากซีอานมีชื่อเสียงมาก'}","ทหารและม้าจากซีอาน[ERROR:Mistranslation|Incorrect literal translation of '兵马俑', should be 'ทหารดินเผา']"
378,Error_01.json,"Identify errors in the Thai MT output of the Chinese tourism guide by tagging problematic words/phrases. Use [ERROR:type|explanation] after the incorrect part. Categories: Mistranslation, Omission, Addition, Grammar, Word choice, Named entity, Formatting.","{'source_text': '苏州园林以精致闻名。', 'mt_output': 'สวนในซูโจวมีชื่อเสียงสำหรับความประณีต'}",สวนในซูโจว[ERROR:Word choice|Should be 'สวนโบราณซูโจว']
379,Error_01.json,"Identify errors in the Thai MT output of the Chinese tourism guide by tagging problematic words/phrases. Use [ERROR:type|explanation] after the incorrect part. Categories: Mistranslation, Omission, Addition, Grammar, Word choice, Named entity, Formatting.","{'source_text': '南京的中山陵是重要的历史遗迹。', 'mt_output': 'สุสานจงซานในหนานจิงเป็นโบราณสถานทางประวัติศาสตร์ที่สำคัญ'}",สุสานจงซานในหนานจิง[ERROR:Word choice|Should be 'สุสานซุนยัดเซ็น'] เป็นโบราณสถานทางประวัติศาสตร์ที่สำคัญ
380,Error_01.json,"Identify errors in the Thai MT output of the Chinese tourism guide by tagging problematic words/phrases. Use [ERROR:type|explanation] after the incorrect part. Categories: Mistranslation, Omission, Addition, Grammar, Word choice, Named entity, Formatting.","{'source_text': '重庆的火锅非常有名，值得一试。', 'mt_output': 'หม้อไฟของฉงชิ่งมีชื่อเสียงมาก ควรลอง'}",หม้อไฟของฉงชิ่ง[ERROR:Word choice|Should be 'หม้อไฟสไตล์ฉงชิ่ง'] มีชื่อเสียงมาก ควรลอง
381,Error_01.json,"Identify errors in the Thai MT output of the Chinese tourism guide by tagging problematic words/phrases. Use [ERROR:type|explanation] after the incorrect part. Categories: Mistranslation, Omission, Addition, Grammar, Word choice, Named entity, Formatting.","{'source_text': '哈尔滨的冰雪大世界是冬季旅游的热门景点。', 'mt_output': 'โลกน้ำแข็งและหิมะในฮาร์บินเป็นสถานที่ท่องเที่ยวยอดนิยมในฤดูหนาว'}",โลกน้ำแข็งและหิมะในฮาร์บิน[ERROR:Word choice|Should be 'เทศกาลน้ำแข็งและหิมะ'] เป็นสถานที่ท่องเที่ยวยอดนิยมในฤดูหนาว
382,Error_01.json,"Identify errors in the Thai MT output of the Chinese tourism guide by tagging problematic words/phrases. Use [ERROR:type|explanation] after the incorrect part. Categories: Mistranslation, Omission, Addition, Grammar, Word choice, Named entity, Formatting.","{'source_text': '厦门的鼓浪屿以其美丽的海滩和独特的建筑风格闻名。', 'mt_output': 'กู่หลางอวี่ในเซียะเหมินมีชื่อเสียงในด้านชายหาดที่สวยงามและสถาปัตยกรรมที่ไม่เหมือนใคร'}",กู่หลางอวี่ในเซียะเหมิน[ERROR:Word choice|Should be 'เกาะกู่หลานอวี่'] มีชื่อเสียงในด้านชายหาดที่สวยงามและสถาปัตยกรรมที่ไม่เหมือนใคร
383,Error_01.json,"Identify errors in the Thai MT output of the Chinese tourism guide by tagging problematic words/phrases. Use [ERROR:type|explanation] after the incorrect part. Categories: Mistranslation, Omission, Addition, Grammar, Word choice, Named entity, Formatting.","{'source_text': '桂林的山水非常有名。', 'mt_output': 'ภูเขาและน้ำของกุ้ยหลินมีชื่อเสียงมาก'}",ภูเขาและน้ำของกุ้ยหลิน[ERROR:Word choice|Should be 'ภูมิทัศน์ของกุ้ยหลิน'] มีชื่อเสียงมาก
384,Error_01.json,"Identify errors in the Thai MT output of the Chinese tourism guide by tagging problematic words/phrases. Use [ERROR:type|explanation] after the incorrect part. Categories: Mistranslation, Omission, Addition, Grammar, Word choice, Named entity, Formatting.","{'source_text': '成都以美食闻名。', 'mt_output': 'เฉิงตูมีชื่อเสียงสำหรับอาหารอร่อย'}",เฉิงตู[ERROR:Word choice|ควรใช้ 'เมืองเฉิงตู'] มีชื่อเสียงสำหรับอาหารอร่อย
385,Error_01.json,"Identify errors in the Thai MT output of the Chinese tourism guide by tagging problematic words/phrases. Use [ERROR:type|explanation] after the incorrect part. Categories: Mistranslation, Omission, Addition, Grammar, Word choice, Named entity, Formatting.","{'source_text': '黄山的风景非常美丽。', 'mt_output': 'ภูเขาหวงซานทิวทัศน์สวยงามมาก'}",ภูเขาหวงซาน[ERROR:Grammar|ควรเติม 'มี'] ทิวทัศน์สวยงามมาก
386,Error_01.json,"Identify errors in the Thai MT output of the Chinese tourism guide by tagging problematic words/phrases. Use [ERROR:type|explanation] after the incorrect part. Categories: Mistranslation, Omission, Addition, Grammar, Word choice, Named entity, Formatting.","{'source_text': '杭州的西湖是中国著名的旅游胜地。', 'mt_output': 'ทะเลสาบซีในหางโจวเป็นสถานที่ท่องเที่ยวที่มีชื่อเสียงของจีน'}","ทะเลสาบซีในหางโจว[ERROR:Named entity|Direct translation of '西湖', should use proper Thai name 'ซีหู'] เป็นสถานที่ท่องเที่ยวที่มีชื่อเสียงของจีน"
387,Error_01.json,"Identify errors in the Thai MT output of the Chinese tourism guide by tagging problematic words/phrases. Use [ERROR:type|explanation] after the incorrect part. Categories: Mistranslation, Omission, Addition, Grammar, Word choice, Named entity, Formatting.","{'source_text': '南京的夫子庙是著名的历史文化景点。', 'mt_output': 'วัดขงจื้อในหนานจิงเป็นสถานที่ท่องเที่ยวทางวัฒนธรรมประวัติศาสตร์ที่มีชื่อเสียง'}","วัดขงจื้อในหนานจิง[ERROR:Named entity|Direct translation of '夫子庙', should use proper Thai name 'ศาลเจ้าขงจี๊อ'] เป็นสถานที่ท่องเที่ยวทางวัฒนธรรมประวัติศาสตร์ที่มีชื่อเสียง"
388,Error_01.json,"Identify errors in the Thai MT output of the Chinese tourism guide by tagging problematic words/phrases. Use [ERROR:type|explanation] after the incorrect part. Categories: Mistranslation, Omission, Addition, Grammar, Word choice, Named entity, Formatting.","{'source_text': '西安的古城墙保存完好，是世界上现存最完整的古城墙之一。', 'mt_output': 'กำแพงเมืองโบราณในซีอานได้รับการอนุรักษ์ไว้เป็นอย่างดี เป็นหนึ่งในกำแพงเมืองโบราณที่สมบูรณ์ที่สุดในโลก'}",กำแพงเมืองโบราณในซีอาน[ERROR:Word choice|ควรใช้ 'กำแพงเมืองเก่า'] ได้รับการอนุรักษ์ไว้เป็นอย่างดี เป็นหนึ่งในกำแพงเมืองโบราณที่สมบูรณ์ที่สุดในโลก
389,Error_02.json,"Identify errors in the Thai MT output of the Thai translation by tagging problematic words/phrases. Use [ERROR:type|explanation] after the incorrect part. Categories: Mistranslation, Omission, Addition, Grammar, Word choice, Named entity, Formatting.","{'source_text': '北京是中国的首都。', 'mt_output': 'ปักกิ่งเป็นเมืองหลวงของประเทศญี่ปุ่น.'}",ปักกิ่งเป็นเมืองหลวงของประเทศ[ERROR:Mistranslation|จีน ถูกแปลเป็นญี่ปุ่นผิด]
390,Error_02.json,"Identify errors in the Thai MT output of the Thai translation by tagging problematic words/phrases. Use [ERROR:type|explanation] after the incorrect part. Categories: Mistranslation, Omission, Addition, Grammar, Word choice, Named entity, Formatting.","{'source_text': '他喜欢吃苹果。', 'mt_output': 'เขาชอบกินลูกแพร์.'}",เขาชอบกิน[ERROR:Mistranslation|คำว่า '苹果' ถูกแปลเป็น 'ลูกแพร์' ผิด]
391,Error_02.json,"Identify errors in the Thai MT output of the Thai translation by tagging problematic words/phrases. Use [ERROR:type|explanation] after the incorrect part. Categories: Mistranslation, Omission, Addition, Grammar, Word choice, Named entity, Formatting.","{'source_text': '长城很长，也很壮观。', 'mt_output': 'กำแพงเมืองจีนยาวมาก และสวยมาก.'}",กำแพงเมืองจีนยาวมาก และ[ERROR:Word choice|คำว่า '壮观' ควรแปลว่า 'น่าทึ่ง' ไม่ใช่ 'สวย']
392,Error_02.json,"Identify errors in the Thai MT output of the Thai translation by tagging problematic words/phrases. Use [ERROR:type|explanation] after the incorrect part. Categories: Mistranslation, Omission, Addition, Grammar, Word choice, Named entity, Formatting.","{'source_text': '他昨天去了图书馆。', 'mt_output': 'เขาไปห้องสมุดวันนี้.'}",เขาไปห้องสมุด[ERROR:Mistranslation|คำว่า '昨天' ถูกแปลเป็น 'วันนี้' ผิด]
393,Error_02.json,"Identify errors in the Thai MT output of the Thai translation by tagging problematic words/phrases. Use [ERROR:type|explanation] after the incorrect part. Categories: Mistranslation, Omission, Addition, Grammar, Word choice, Named entity, Formatting.","{'source_text': '她的名字叫李华。', 'mt_output': 'ชื่อของเขาคือหลี่หัว.'}",ชื่อของ[ERROR:Grammar|คำสรรพนามควรเป็น 'เธอ' ไม่ใช่ 'เขา']
394,Error_02.json,"Identify errors in the Thai MT output of the Thai translation by tagging problematic words/phrases. Use [ERROR:type|explanation] after the incorrect part. Categories: Mistranslation, Omission, Addition, Grammar, Word choice, Named entity, Formatting.","{'source_text': '我喜欢喝茶。', 'mt_output': 'ฉันชอบดื่มกาแฟ.'}",ฉันชอบดื่ม[ERROR:Mistranslation|คำว่า '茶' ถูกแปลเป็น 'กาแฟ' ผิด]
395,Error_02.json,"Identify errors in the Thai MT output of the Thai translation by tagging problematic words/phrases. Use [ERROR:type|explanation] after the incorrect part. Categories: Mistranslation, Omission, Addition, Grammar, Word choice, Named entity, Formatting.","{'source_text': '今天是个好日子。', 'mt_output': 'วันนี้เป็นวันที่ดีมาก.'}",วันนี้เป็นวันที่ดี[ERROR:Addition|คำว่า 'มาก' เป็นการเติมที่ไม่จำเป็น]
396,Error_02.json,"Identify errors in the Thai MT output of the Thai translation by tagging problematic words/phrases. Use [ERROR:type|explanation] after the incorrect part. Categories: Mistranslation, Omission, Addition, Grammar, Word choice, Named entity, Formatting.","{'source_text': '我有三只猫。', 'mt_output': 'ฉันมีแมวสองตัว.'}",ฉันมีแมว[ERROR:Mistranslation|คำว่า '三只' ถูกแปลเป็น 'สองตัว' ผิด]
397,Error_02.json,"Identify errors in the Thai MT output of the Thai translation by tagging problematic words/phrases. Use [ERROR:type|explanation] after the incorrect part. Categories: Mistranslation, Omission, Addition, Grammar, Word choice, Named entity, Formatting.","{'source_text': '他每天早上跑步。', 'mt_output': 'เขาวิ่งทุกเย็น.'}",เขาวิ่งทุก[ERROR:Mistranslation|คำว่า '早上' ถูกแปลเป็น 'เย็น' ผิด]
398,Error_02.json,"Identify errors in the Thai MT output of the Thai translation by tagging problematic words/phrases. Use [ERROR:type|explanation] after the incorrect part. Categories: Mistranslation, Omission, Addition, Grammar, Word choice, Named entity, Formatting.","{'source_text': '我喜欢看电影。', 'mt_output': 'ฉันชอบดูทีวี.'}",ฉันชอบดู[ERROR:Mistranslation|คำว่า '电影' ถูกแปลเป็น 'ทีวี' ผิด]
399,Error_02.json,"Identify errors in the Thai MT output of the Thai translation by tagging problematic words/phrases. Use [ERROR:type|explanation] after the incorrect part. Categories: Mistranslation, Omission, Addition, Grammar, Word choice, Named entity, Formatting.","{'source_text': '他是我爸爸的朋友。', 'mt_output': 'เขาเป็นเพื่อนของฉัน.'}",เขาเป็นเพื่อนของ[ERROR:Omission|ขาดคำว่า 'พ่อ' ซึ่งทำให้ความหมายเปลี่ยนไป]
400,Error_02.json,"Identify errors in the Thai MT output of the Thai translation by tagging problematic words/phrases. Use [ERROR:type|explanation] after the incorrect part. Categories: Mistranslation, Omission, Addition, Grammar, Word choice, Named entity, Formatting.","{'source_text': '我住在上海。', 'mt_output': 'ฉันอาศัยอยู่ในปักกิ่ง.'}",ฉันอาศัยอยู่ใน[ERROR:Mistranslation|คำว่า '上海' ถูกแปลเป็น 'ปักกิ่ง' ผิด]
401,Error_02.json,"Identify errors in the Thai MT output of the Thai translation by tagging problematic words/phrases. Use [ERROR:type|explanation] after the incorrect part. Categories: Mistranslation, Omission, Addition, Grammar, Word choice, Named entity, Formatting.","{'source_text': '她喜欢唱歌。', 'mt_output': 'เธอชอบเต้นรำ.'}",เธอชอบ[ERROR:Mistranslation|คำว่า '唱歌' ถูกแปลเป็น 'เต้นรำ' ผิด]
402,Error_02.json,"Identify errors in the Thai MT output of the Thai translation by tagging problematic words/phrases. Use [ERROR:type|explanation] after the incorrect part. Categories: Mistranslation, Omission, Addition, Grammar, Word choice, Named entity, Formatting.","{'source_text': '我每天喝咖啡。', 'mt_output': 'ฉันดื่มน้ำทุกวัน.'}",ฉันดื่ม[ERROR:Mistranslation|คำว่า '咖啡' ถูกแปลเป็น 'น้ำ' ผิด]
403,Error_02.json,"Identify errors in the Thai MT output of the Thai translation by tagging problematic words/phrases. Use [ERROR:type|explanation] after the incorrect part. Categories: Mistranslation, Omission, Addition, Grammar, Word choice, Named entity, Formatting.","{'source_text': '他喜欢打篮球。', 'mt_output': 'เขาชอบเล่นฟุตบอล.'}",เขาชอบเล่น[ERROR:Mistranslation|คำว่า '篮球' ถูกแปลเป็น 'ฟุตบอล' ผิด]
404,Error_02.json,"Identify errors in the Thai MT output of the Thai translation by tagging problematic words/phrases. Use [ERROR:type|explanation] after the incorrect part. Categories: Mistranslation, Omission, Addition, Grammar, Word choice, Named entity, Formatting.","{'source_text': '我喜欢读书。', 'mt_output': 'ฉันชอบอ่านหนังสือมาก.'}",ฉันชอบอ่านหนังสือ[ERROR:Addition|คำว่า 'มาก' เป็นการเติมที่ไม่จำเป็น]
405,Error_02.json,"Identify errors in the Thai MT output of the Thai translation by tagging problematic words/phrases. Use [ERROR:type|explanation] after the incorrect part. Categories: Mistranslation, Omission, Addition, Grammar, Word choice, Named entity, Formatting.","{'source_text': '他每天早上喝咖啡。', 'mt_output': 'เขาดื่มกาแฟทุกเย็น.'}",เขาดื่มกาแฟทุก[ERROR:Mistranslation|คำว่า '早上' ถูกแปลเป็น 'เย็น' ผิด]
406,Error_02.json,"Identify errors in the Thai MT output of the Thai translation by tagging problematic words/phrases. Use [ERROR:type|explanation] after the incorrect part. Categories: Mistranslation, Omission, Addition, Grammar, Word choice, Named entity, Formatting.","{'source_text': '我有两只狗。', 'mt_output': 'ฉันมีแมวสองตัว.'}",ฉันมี[ERROR:Mistranslation|คำว่า '狗' ถูกแปลเป็น 'แมว' ผิด]
407,Error_02.json,"Identify errors in the Thai MT output of the Thai translation by tagging problematic words/phrases. Use [ERROR:type|explanation] after the incorrect part. Categories: Mistranslation, Omission, Addition, Grammar, Word choice, Named entity, Formatting.","{'source_text': '他喜欢吃香蕉。', 'mt_output': 'เขาชอบกินส้ม.'}",เขาชอบกิน[ERROR:Mistranslation|คำว่า '香蕉' ถูกแปลเป็น 'ส้ม' ผิด]
408,Error_02.json,"Identify errors in the Thai MT output of the Thai translation by tagging problematic words/phrases. Use [ERROR:type|explanation] after the incorrect part. Categories: Mistranslation, Omission, Addition, Grammar, Word choice, Named entity, Formatting.","{'source_text': '我喜欢听音乐。', 'mt_output': 'ฉันชอบดูหนัง.'}",ฉันชอบ[ERROR:Mistranslation|คำว่า '听音乐' ถูกแปลเป็น 'ดูหนัง' ผิด]
409,Error_02.json,"Identify errors in the Thai MT output of the Thai translation by tagging problematic words/phrases. Use [ERROR:type|explanation] after the incorrect part. Categories: Mistranslation, Omission, Addition, Grammar, Word choice, Named entity, Formatting.","{'source_text': '他昨天去了商店。', 'mt_output': 'เขาไปห้างสรรพสินค้าพรุ่งนี้.'}",เขาไปห้างสรรพสินค้า[ERROR:Mistranslation|คำว่า '昨天' ถูกแปลเป็น 'พรุ่งนี้' ผิด]
